Iteration,Cost,Temperature,Sequence
0,546,10,24 21 12 10 1 11 18 9 16 2 19 23 13 20 22 6 17 14 4 3 7 8 15 5
1,554,9.99,24 21 12 10 1 11 18 9 16 2 19 23 13 20 22 7 17 14 4 3 6 8 15 5
2,532,9.98,24 21 12 10 15 11 18 9 16 2 19 23 13 20 22 7 17 14 4 3 6 8 1 5
3,532,9.969999,24 21 12 10 15 11 18 9 16 2 19 23 13 20 22 7 17 14 4 3 6 8 1 5
4,534,9.959999,24 21 12 10 15 11 18 9 16 2 13 23 19 20 22 7 17 14 4 3 6 8 1 5
5,548,9.949999,24 21 12 10 15 11 18 9 16 2 13 23 19 20 22 7 17 6 4 3 14 8 1 5
6,548,9.939999,24 21 12 10 15 11 18 9 16 2 13 23 19 20 22 7 17 6 4 3 14 8 1 5
7,516,9.929998,24 21 19 10 15 11 18 9 16 2 13 23 12 20 22 7 17 6 4 3 14 8 1 5
8,516,9.919998,24 21 19 10 15 11 18 9 16 2 13 23 12 20 22 7 17 6 4 3 14 8 1 5
9,492,9.909998,24 21 19 18 15 11 10 9 16 2 13 23 12 20 22 7 17 6 4 3 14 8 1 5
10,492,9.899998,24 21 19 18 15 11 10 9 16 2 13 23 12 20 22 7 17 6 4 14 3 8 1 5
11,486,9.889997,24 21 19 18 15 11 10 9 16 2 13 22 12 20 23 7 17 6 4 14 3 8 1 5
12,486,9.879997,24 21 19 18 15 11 10 9 16 2 13 22 12 20 23 7 17 6 4 14 3 8 1 5
13,486,9.869997,24 21 19 18 15 11 10 9 16 2 13 22 12 20 23 7 17 6 4 14 3 8 1 5
14,486,9.859997,24 21 19 18 15 11 10 9 16 2 13 22 12 20 23 7 17 6 4 14 3 8 1 5
15,486,9.849997,24 21 19 18 15 11 10 9 16 2 13 22 12 20 23 7 17 6 4 14 3 8 1 5
16,484,9.839996,24 21 19 18 15 10 11 9 16 2 13 22 12 20 23 7 17 6 4 14 3 8 1 5
17,464,9.829996,24 21 19 18 15 10 11 9 22 2 13 16 12 20 23 7 17 6 4 14 3 8 1 5
18,464,9.819996,24 21 19 18 15 10 11 9 22 2 13 16 12 20 23 7 17 6 4 14 3 8 1 5
19,464,9.809996,24 21 19 18 15 10 11 9 22 2 13 16 12 20 23 7 17 6 4 14 3 8 1 5
20,464,9.799995,24 21 19 18 15 10 11 9 22 2 13 16 12 20 23 7 17 6 4 14 3 8 1 5
21,464,9.789995,24 21 19 18 15 10 11 9 22 2 13 16 12 20 23 7 17 6 4 14 3 8 1 5
22,434,9.779995,24 21 19 18 15 10 11 9 22 23 13 16 12 20 2 7 17 6 4 14 3 8 1 5
23,434,9.769995,24 21 19 18 15 9 11 10 22 23 13 16 12 20 2 7 17 6 4 14 3 8 1 5
24,438,9.759995,24 21 19 18 15 9 11 10 22 23 13 16 12 20 2 7 17 6 4 8 3 14 1 5
25,438,9.749994,24 21 19 18 15 9 11 10 22 23 13 16 12 20 2 7 17 6 4 8 3 14 1 5
26,420,9.739994,24 21 19 18 15 9 11 10 22 23 13 16 12 1 2 7 17 6 4 8 3 14 20 5
27,420,9.729994,24 21 19 18 15 9 11 10 22 23 13 16 12 1 2 7 17 6 4 8 3 14 20 5
28,414,9.719994,24 21 19 22 15 9 11 10 18 23 13 16 12 1 2 7 17 6 4 8 3 14 20 5
29,414,9.709993,24 21 19 22 15 9 11 10 18 23 13 16 12 1 2 7 17 6 4 8 3 14 20 5
30,412,9.699993,24 21 19 22 15 9 11 10 23 18 13 16 12 1 2 7 17 6 4 8 3 14 20 5
31,412,9.689993,24 21 19 22 15 9 11 10 23 18 13 16 12 1 2 7 17 6 4 8 3 14 20 5
32,412,9.679993,24 21 19 22 15 9 11 10 23 18 13 16 12 1 2 7 17 6 4 8 3 14 20 5
33,408,9.669992,13 21 19 22 15 9 11 10 23 18 24 16 12 1 2 7 17 6 4 8 3 14 20 5
34,410,9.659992,13 21 19 22 23 9 11 10 15 18 24 16 12 1 2 7 17 6 4 8 3 14 20 5
35,410,9.649992,13 21 19 22 23 9 11 10 15 18 24 16 12 1 2 7 17 6 4 8 3 14 20 5
36,414,9.639992,13 21 19 22 23 9 11 10 15 18 24 14 12 1 2 7 17 6 4 8 3 16 20 5
37,414,9.629992,13 21 19 22 23 9 11 10 15 18 24 14 12 1 2 7 17 6 4 8 3 16 20 5
38,414,9.619991,13 21 19 22 23 9 11 10 15 18 24 14 12 1 2 7 17 3 4 8 6 16 20 5
39,408,9.609991,13 21 19 22 23 9 11 10 15 18 24 14 12 1 2 7 17 8 4 3 6 16 20 5
40,408,9.599991,13 21 19 22 23 9 11 10 15 18 24 14 12 1 2 7 17 8 4 3 6 16 20 5
41,408,9.589991,13 21 19 22 23 9 11 10 15 18 24 14 12 1 2 7 17 8 4 3 6 16 20 5
42,408,9.57999,13 21 19 22 23 9 11 10 15 18 24 14 12 1 2 7 17 8 4 3 6 16 20 5
43,368,9.56999,13 21 19 22 23 9 11 10 15 18 24 14 12 1 2 4 17 8 7 3 6 16 20 5
44,368,9.55999,13 21 19 22 23 9 11 10 15 18 24 14 12 1 2 4 17 8 7 3 6 16 20 5
45,368,9.54999,13 21 19 22 23 9 11 10 15 18 24 14 12 1 2 4 17 8 7 3 6 16 20 5
46,368,9.539989,13 21 19 22 23 9 11 10 15 18 24 14 12 1 2 4 17 8 7 3 6 16 20 5
47,368,9.529989,13 21 19 22 23 9 11 10 15 18 24 14 12 1 2 4 17 8 7 3 6 16 20 5
48,368,9.519989,13 21 19 22 23 9 11 10 15 18 24 14 12 1 2 4 17 8 7 3 6 16 20 5
49,368,9.509989,13 21 19 22 23 9 11 10 15 18 24 14 12 1 2 4 17 8 7 3 6 16 20 5
50,368,9.499989,13 21 19 22 23 9 11 10 15 18 24 14 12 1 2 4 17 8 7 3 6 16 20 5
51,364,9.489988,13 19 21 22 23 9 11 10 15 18 24 14 12 1 2 4 17 8 7 3 6 16 20 5
52,358,9.479988,15 19 21 22 23 9 11 10 13 18 24 14 12 1 2 4 17 8 7 3 6 16 20 5
53,358,9.469988,15 19 21 22 23 9 11 10 13 18 24 14 12 1 2 4 17 8 7 3 6 16 20 5
54,358,9.459988,15 19 21 22 23 9 11 10 13 18 24 14 12 1 2 4 17 8 7 3 6 16 20 5
55,358,9.449987,15 19 21 22 23 9 11 10 13 18 24 14 12 1 2 4 17 8 7 3 6 16 20 5
56,362,9.439987,15 19 21 22 23 9 11 10 13 24 18 14 12 1 2 4 17 8 7 3 6 16 20 5
57,362,9.429987,15 19 21 22 23 9 11 10 13 24 18 14 12 1 2 4 17 8 7 3 6 16 20 5
58,362,9.419987,15 19 21 22 23 9 11 10 13 24 18 14 12 1 2 4 17 8 7 3 6 16 20 5
59,362,9.409986,15 19 21 22 23 9 11 10 13 24 18 14 12 1 2 4 17 8 7 3 6 16 20 5
60,362,9.399986,15 19 21 22 23 9 11 10 13 24 18 14 12 1 2 4 17 8 7 3 6 16 20 5
61,362,9.389986,15 19 21 22 23 9 11 10 13 24 18 14 12 1 2 4 17 8 7 3 6 16 20 5
62,350,9.379986,15 19 21 22 23 9 11 10 13 24 18 16 12 1 2 4 17 8 7 3 6 14 20 5
63,350,9.369986,15 19 21 22 23 9 11 10 13 24 18 16 12 1 2 4 17 8 7 3 6 14 20 5
64,350,9.359985,15 19 21 22 23 9 11 10 13 24 18 16 12 1 2 4 17 8 7 3 6 14 20 5
65,350,9.349985,15 19 21 22 23 9 11 10 13 24 18 16 12 1 2 4 17 8 7 3 6 14 20 5
66,340,9.339985,15 19 21 22 23 9 11 10 13 24 18 16 20 1 2 4 17 8 7 3 6 14 12 5
67,338,9.329985,15 19 21 22 20 9 11 10 13 24 18 16 23 1 2 4 17 8 7 3 6 14 12 5
68,338,9.319984,15 19 21 22 20 9 11 10 13 24 18 16 23 1 2 4 17 14 7 3 6 8 12 5
69,342,9.309984,15 19 21 22 20 9 11 10 13 24 18 16 23 1 2 4 17 14 12 3 6 8 7 5
70,342,9.299984,15 19 21 22 20 9 11 10 13 24 18 16 23 1 2 4 17 14 12 3 6 8 7 5
71,342,9.289984,15 19 21 22 20 9 11 10 13 24 18 16 23 1 2 4 17 14 12 3 6 8 7 5
72,342,9.279984,15 19 21 22 20 9 11 10 13 24 18 16 23 1 2 4 17 14 12 3 6 8 7 5
73,342,9.269983,15 19 21 22 20 9 11 10 13 24 18 16 23 1 2 4 17 14 12 3 6 8 7 5
74,342,9.259983,15 19 21 22 20 9 11 10 13 24 18 16 23 1 2 4 17 14 12 3 6 8 7 5
75,342,9.249983,15 19 21 22 20 9 11 10 13 24 18 16 23 1 2 4 17 14 12 3 6 8 7 5
76,342,9.239983,15 19 21 22 20 9 11 10 13 24 18 16 23 1 2 4 17 14 12 3 6 8 7 5
77,342,9.229982,15 19 21 22 20 9 11 10 13 24 18 16 23 1 2 4 17 14 12 3 6 8 7 5
78,342,9.219982,15 19 21 22 20 9 11 10 13 24 18 16 23 1 2 4 17 14 12 3 6 8 7 5
79,342,9.209982,15 19 21 22 20 9 11 10 13 24 18 16 23 1 2 4 17 14 12 3 6 8 7 5
80,342,9.199982,15 19 21 22 20 9 11 10 13 24 18 16 23 1 2 4 17 14 12 3 6 8 7 5
81,342,9.189981,15 19 21 22 20 9 11 10 13 24 18 16 23 1 2 4 17 14 12 3 6 8 7 5
82,342,9.179981,15 19 21 22 20 9 11 10 13 24 18 16 23 1 2 4 17 14 5 3 6 8 7 12
83,342,9.169981,15 19 21 22 20 9 11 10 13 24 18 16 23 1 2 4 17 14 5 3 6 8 7 12
84,342,9.159981,15 19 21 22 20 9 11 10 13 24 18 16 23 1 2 4 17 14 5 3 6 8 7 12
85,342,9.149981,15 19 21 22 20 9 11 10 13 24 18 16 4 1 2 23 17 14 5 3 6 8 7 12
86,342,9.13998,15 19 21 22 20 9 11 10 13 24 18 16 4 1 2 23 17 14 5 3 6 8 7 12
87,330,9.12998,15 19 21 22 13 9 11 10 20 24 18 16 4 1 2 23 17 14 5 3 6 8 7 12
88,346,9.11998,15 19 21 22 13 9 11 10 20 24 18 16 4 1 2 3 17 14 5 23 6 8 7 12
89,346,9.10998,15 19 21 22 13 9 11 10 20 24 18 16 4 1 2 3 17 14 8 23 6 5 7 12
90,346,9.099979,15 19 21 22 13 9 11 10 20 24 18 16 4 1 2 3 17 14 8 23 6 5 7 12
91,346,9.089979,15 19 21 22 13 9 11 10 20 24 18 16 4 1 2 3 12 14 8 23 6 5 7 17
92,336,9.079979,15 19 21 22 13 9 11 10 20 24 18 16 4 1 2 5 12 14 8 23 6 3 7 17
93,336,9.069979,15 19 21 22 13 9 11 10 20 24 18 16 4 1 2 5 12 14 8 23 6 3 7 17
94,334,9.059978,15 19 21 22 13 9 11 10 20 24 18 16 4 1 2 5 14 12 8 23 6 3 7 17
95,348,9.049978,15 19 21 22 13 8 11 10 20 24 18 16 4 1 2 5 14 12 9 23 6 3 7 17
96,348,9.039978,15 19 21 22 13 8 11 10 20 24 18 16 4 1 2 5 14 12 9 23 6 3 7 17
97,358,9.029978,15 19 21 22 13 8 11 10 20 24 18 16 4 1 2 5 14 12 6 23 9 3 7 17
98,358,9.019978,15 19 21 22 13 8 11 10 20 24 18 16 4 1 2 5 14 6 12 23 9 3 7 17
99,358,9.009977,15 19 21 22 13 8 11 10 20 24 18 16 4 1 2 5 14 6 12 23 9 3 7 17
100,358,8.999977,15 19 21 22 13 8 11 10 20 24 18 16 4 1 2 5 14 6 12 23 9 3 7 17
101,363,8.989977,15 19 21 22 13 8 11 10 20 24 18 16 4 1 2 5 17 6 12 23 9 3 7 14
102,363,8.979977,15 19 21 22 13 8 11 10 20 24 18 16 4 1 2 5 17 6 12 23 9 3 7 14
103,363,8.969976,15 19 21 22 13 8 11 10 20 24 18 16 4 1 2 5 17 6 12 23 9 3 7 14
104,363,8.959976,15 19 21 22 13 8 11 10 20 24 18 16 4 1 2 5 17 6 12 23 9 3 7 14
105,363,8.949976,15 19 21 22 13 8 11 10 20 24 18 16 4 1 2 5 17 6 12 23 9 3 7 14
106,363,8.939976,15 19 21 22 13 8 11 10 20 24 18 16 4 1 2 5 17 6 12 23 9 3 7 14
107,363,8.929976,15 19 21 22 13 8 11 10 20 24 18 16 4 1 2 5 17 6 12 23 9 3 7 14
108,363,8.919975,15 19 21 22 13 8 11 10 20 24 18 16 4 1 2 5 17 6 12 23 9 3 7 14
109,363,8.909975,15 19 21 22 13 8 11 10 20 24 18 16 4 1 2 5 17 6 12 23 9 3 7 14
110,363,8.899975,15 19 21 22 13 8 11 10 20 24 18 16 4 1 2 5 17 6 12 23 9 3 7 14
111,365,8.889975,15 19 21 22 13 8 11 10 20 24 18 9 4 1 2 5 17 6 12 23 16 3 7 14
112,365,8.879974,15 19 21 22 13 8 11 10 20 24 18 9 4 1 2 5 17 6 12 23 16 3 7 14
113,365,8.869974,15 19 21 22 13 8 11 10 20 24 18 9 4 1 2 5 17 6 12 23 16 3 7 14
114,351,8.859974,15 19 21 22 23 8 11 10 20 24 18 9 4 1 2 5 17 6 12 13 16 3 7 14
115,351,8.849974,15 19 21 22 23 8 11 10 20 24 18 9 4 1 2 5 17 6 12 13 16 3 7 14
116,359,8.839973,15 19 21 22 23 8 11 10 20 24 18 13 4 1 2 5 17 6 12 9 16 3 7 14
117,359,8.829973,15 19 21 22 23 8 11 10 20 24 18 13 4 1 2 5 17 6 12 9 16 3 7 14
118,359,8.819973,15 19 21 22 23 8 11 10 20 24 18 13 4 1 2 5 17 6 12 9 16 3 7 14
119,354,8.809973,15 19 21 22 23 8 11 10 20 24 18 13 4 1 2 5 14 6 12 9 16 3 7 17
120,354,8.799973,15 19 21 22 23 8 11 10 20 24 18 13 4 1 2 5 14 6 12 9 16 3 7 17
121,352,8.789972,15 19 21 22 23 8 11 10 16 24 18 13 4 1 2 5 14 6 12 9 20 3 7 17
122,348,8.779972,15 19 21 22 23 10 11 8 16 24 18 13 4 1 2 5 14 6 12 9 20 3 7 17
123,348,8.769972,15 19 21 22 23 10 11 8 16 24 18 13 4 1 2 5 14 6 12 9 20 3 7 17
124,348,8.759972,15 19 21 22 23 10 11 8 16 24 18 13 4 1 2 5 14 6 12 9 20 3 7 17
125,348,8.749971,15 19 21 22 23 10 11 8 16 24 18 13 4 1 2 5 14 6 12 9 20 3 7 17
126,348,8.739971,15 19 21 22 23 10 11 8 16 24 18 13 4 1 2 5 14 6 12 9 20 3 7 17
127,348,8.729971,15 19 21 22 23 10 11 8 16 24 18 13 4 1 2 5 14 6 12 9 20 3 7 17
128,348,8.719971,15 19 21 22 23 10 11 8 16 24 18 13 4 1 2 5 14 6 12 9 20 3 7 17
129,348,8.70997,15 19 21 22 23 10 11 8 16 24 18 13 4 1 2 5 14 6 12 9 20 3 7 17
130,348,8.69997,15 19 21 22 23 10 11 8 16 24 18 13 4 1 2 5 14 6 12 9 20 3 7 17
131,348,8.68997,15 19 21 22 23 10 11 8 16 24 18 13 4 1 2 5 14 6 12 9 20 3 7 17
132,338,8.67997,15 19 21 22 23 10 11 8 16 24 18 13 4 1 2 5 14 6 12 9 17 3 7 20
133,338,8.66997,15 19 21 22 23 10 11 8 16 24 18 13 4 1 2 5 14 6 12 9 17 3 7 20
134,338,8.659969,15 19 21 22 23 10 11 8 16 24 18 13 4 1 2 5 14 6 12 9 17 3 7 20
135,338,8.649969,15 19 21 22 23 10 11 8 16 24 18 13 4 1 2 5 14 6 12 9 17 3 7 20
136,338,8.639969,15 19 21 22 23 10 11 8 16 24 18 13 4 1 2 5 14 6 12 9 17 3 7 20
137,338,8.629969,15 19 21 22 23 10 11 8 16 24 18 13 4 1 2 5 14 6 12 9 17 3 7 20
138,338,8.619968,15 19 21 22 23 10 11 8 16 24 18 13 4 1 2 5 14 6 12 9 17 3 7 20
139,338,8.609968,15 19 21 22 23 10 11 8 16 24 18 13 4 1 2 5 14 6 12 9 17 3 7 20
140,338,8.599968,15 19 21 22 23 10 11 8 16 24 18 13 4 1 2 5 14 6 12 9 17 3 7 20
141,368,8.589968,15 24 21 22 23 10 11 8 16 19 18 13 4 1 2 5 14 6 12 9 17 3 7 20
142,362,8.579967,15 24 21 22 23 10 11 12 16 19 18 13 4 1 2 5 14 6 8 9 17 3 7 20
143,362,8.569967,10 24 21 22 23 15 11 12 16 19 18 13 4 1 2 5 14 6 8 9 17 3 7 20
144,355,8.559967,20 24 21 22 23 15 11 12 16 19 18 13 4 1 2 5 14 6 8 9 17 3 7 10
145,355,8.549967,20 24 21 22 23 15 11 12 16 19 18 13 4 1 2 5 14 6 8 9 17 3 7 10
146,355,8.539967,20 24 21 22 23 15 11 12 16 19 18 13 4 1 2 5 14 6 8 9 17 3 7 10
147,371,8.529966,20 10 21 22 23 15 11 12 16 19 18 13 4 1 2 5 14 6 8 9 17 3 7 24
148,369,8.519966,20 10 21 22 23 15 18 12 16 19 11 13 4 1 2 5 14 6 8 9 17 3 7 24
149,381,8.509966,20 10 21 22 23 15 18 8 16 19 11 13 4 1 2 5 14 6 12 9 17 3 7 24
150,363,8.499966,20 23 21 22 10 15 18 8 16 19 11 13 4 1 2 5 14 6 12 9 17 3 7 24
151,363,8.489965,20 23 21 22 10 15 18 8 16 19 11 13 4 1 2 5 14 6 12 9 17 3 7 24
152,363,8.479965,20 23 21 22 10 15 18 8 16 19 11 13 4 1 2 5 14 6 12 9 17 3 7 24
153,363,8.469965,20 23 21 22 10 15 18 8 16 19 11 13 4 1 2 5 14 6 12 9 17 3 7 24
154,363,8.459965,20 23 21 22 10 13 18 8 16 19 11 15 4 1 2 5 14 6 12 9 17 3 7 24
155,363,8.449965,20 23 21 22 10 13 18 8 16 19 11 15 4 1 2 5 14 6 12 9 17 3 7 24
156,381,8.439964,20 23 21 22 10 13 18 8 6 19 11 15 4 1 2 5 14 16 12 9 17 3 7 24
157,381,8.429964,20 23 21 22 10 15 18 8 6 19 11 13 4 1 2 5 14 16 12 9 17 3 7 24
158,363,8.419964,20 23 21 22 10 15 18 8 16 19 11 13 4 1 2 5 14 6 12 9 17 3 7 24
159,377,8.409964,20 23 21 22 10 15 7 8 16 19 11 13 4 1 2 5 14 6 12 9 17 3 18 24
160,377,8.399963,20 23 21 22 10 15 7 8 16 19 11 13 4 1 2 5 14 6 12 9 17 3 18 24
161,377,8.389963,20 23 21 22 10 15 7 8 16 19 11 13 4 1 2 5 14 6 12 9 17 3 18 24
162,376,8.379963,20 23 21 22 10 15 7 8 16 19 11 13 4 1 2 5 14 6 12 9 17 3 24 18
163,376,8.369963,20 23 21 22 10 15 7 8 16 19 11 13 4 1 2 5 14 6 12 9 17 3 24 18
164,376,8.359962,20 23 21 22 10 15 7 6 16 19 11 13 4 1 2 5 14 8 12 9 17 3 24 18
165,376,8.349962,20 23 21 22 10 15 7 6 16 19 11 13 4 1 2 5 14 8 12 9 17 3 24 18
166,384,8.339962,20 23 21 22 10 15 7 6 18 19 11 13 4 1 2 5 14 8 12 9 17 3 24 16
167,398,8.329962,20 23 21 22 10 12 7 6 18 19 11 13 4 1 2 5 14 8 15 9 17 3 24 16
168,398,8.319962,20 23 21 22 10 12 7 6 18 19 11 13 4 1 2 5 14 8 15 9 17 3 24 16
169,398,8.309961,20 23 21 22 10 12 7 6 18 19 11 13 4 1 2 5 14 8 15 9 17 3 24 16
170,386,8.299961,20 23 21 22 10 12 7 3 18 19 11 13 4 1 2 5 14 8 15 9 17 6 24 16
171,386,8.289961,20 23 21 22 10 12 7 3 18 19 11 13 4 1 2 5 14 8 15 9 17 6 24 16
172,386,8.279961,20 23 21 22 10 12 7 3 18 19 11 13 4 1 2 5 14 8 15 9 17 6 24 16
173,386,8.26996,20 23 21 22 10 12 7 3 18 19 11 13 4 1 2 5 14 8 15 9 17 6 24 16
174,386,8.25996,20 23 21 22 10 12 7 3 18 19 11 13 4 1 2 5 14 8 15 9 17 6 24 16
175,386,8.24996,20 23 21 22 10 12 7 3 18 19 11 13 4 1 2 5 14 8 15 9 17 6 24 16
176,400,8.23996,20 23 18 22 10 12 7 3 21 19 11 13 4 1 2 5 14 8 15 9 17 6 24 16
177,392,8.229959,10 23 18 22 20 12 7 3 21 19 11 13 4 1 2 5 14 8 15 9 17 6 24 16
178,392,8.219959,10 23 18 22 20 12 7 3 21 19 11 13 4 1 2 5 14 8 15 9 17 6 24 16
179,382,8.209959,10 23 18 22 20 17 7 3 21 19 11 13 4 1 2 5 14 8 15 9 12 6 24 16
180,382,8.199959,10 23 18 22 20 17 7 3 21 19 11 13 4 1 2 5 14 8 15 9 12 6 24 16
181,382,8.189959,10 23 18 22 20 17 7 3 21 19 11 13 4 1 2 5 14 8 15 9 12 6 24 16
182,382,8.179958,10 23 18 22 20 17 7 3 21 19 11 13 4 1 2 5 14 8 15 9 12 6 24 16
183,382,8.169958,10 23 18 22 20 17 7 3 21 19 11 13 4 1 2 5 14 8 15 9 12 6 24 16
184,372,8.159958,10 23 18 22 20 17 7 3 21 19 15 13 4 1 2 5 14 8 11 9 12 6 24 16
185,372,8.149958,10 23 18 22 20 17 7 3 21 19 15 13 4 1 2 5 14 8 11 9 12 6 24 16
186,372,8.139957,10 23 18 22 20 17 7 16 21 19 15 13 4 1 2 5 14 8 11 9 12 6 24 3
187,354,8.129957,10 23 18 22 20 17 14 16 21 19 15 13 4 1 2 5 7 8 11 9 12 6 24 3
188,354,8.119957,10 23 18 22 20 17 14 16 21 19 15 13 4 1 2 5 7 8 11 9 12 6 24 3
189,358,8.109957,10 23 18 22 20 17 14 16 21 19 13 15 4 1 2 5 7 8 11 9 12 6 24 3
190,358,8.099957,10 23 18 22 20 17 14 16 21 19 13 15 4 1 2 5 7 8 11 9 12 6 24 3
191,358,8.089956,10 23 18 22 20 17 14 16 21 19 13 15 4 1 2 5 7 8 11 9 12 6 24 3
192,358,8.079956,10 23 18 22 20 17 14 16 21 19 13 15 4 1 2 5 7 8 11 9 12 6 24 3
193,358,8.069956,10 23 18 22 20 17 14 16 21 19 13 15 4 1 2 5 7 8 11 9 12 6 24 3
194,358,8.059956,10 23 18 22 20 17 14 16 21 19 13 15 4 1 2 5 7 8 11 9 12 6 24 3
195,358,8.049955,10 23 18 22 20 17 14 16 21 19 13 15 4 1 2 5 7 8 11 9 12 6 24 3
196,358,8.039955,10 23 18 22 20 17 14 16 21 19 13 15 4 1 2 5 7 8 11 9 12 6 24 3
197,358,8.029955,10 23 18 22 20 17 14 16 21 19 13 15 4 1 2 5 7 8 11 9 12 6 24 3
198,358,8.019955,10 23 18 22 20 17 14 16 21 19 13 15 4 1 2 5 7 8 11 9 12 6 24 3
199,358,8.009954,10 23 18 22 20 17 14 16 21 19 13 15 4 1 2 5 7 8 11 9 12 6 24 3
200,358,7.999954,10 23 18 22 20 17 14 16 21 19 13 15 4 1 2 5 7 8 11 9 12 6 24 3
201,358,7.989954,10 23 18 22 20 17 14 16 21 19 13 15 4 1 2 5 7 8 11 9 12 6 24 3
202,358,7.979954,10 23 18 19 20 17 14 16 21 22 13 15 4 1 2 5 7 8 11 9 12 6 24 3
203,358,7.969954,10 23 18 19 20 17 14 16 21 22 13 15 4 1 2 5 7 8 11 9 12 6 24 3
204,358,7.959953,10 23 18 19 20 17 14 16 21 22 13 15 4 1 2 5 7 8 11 9 12 6 24 3
205,358,7.949953,10 23 18 19 20 17 14 16 21 22 13 15 4 1 2 5 7 8 11 9 12 6 24 3
206,358,7.939953,10 23 18 19 20 17 14 16 21 22 13 15 4 1 2 5 7 8 11 9 12 6 24 3
207,358,7.929953,10 23 18 19 20 17 14 16 21 22 13 15 4 1 2 5 7 8 11 9 12 6 24 3
208,358,7.919952,10 23 18 19 20 17 14 16 21 22 13 15 4 1 2 5 7 8 11 9 12 6 24 3
209,358,7.909952,10 23 18 19 20 17 14 16 21 22 13 15 4 1 2 5 7 8 11 9 12 6 24 3
210,358,7.899952,10 23 18 19 20 17 14 16 21 22 13 15 4 1 2 5 7 8 9 11 12 6 24 3
211,358,7.889952,10 23 18 19 20 17 14 16 21 22 13 15 4 1 2 5 7 8 9 11 12 6 24 3
212,358,7.879951,10 23 18 19 20 17 14 16 21 22 13 15 4 1 2 5 7 8 9 11 12 6 24 3
213,358,7.869951,10 23 18 19 20 17 14 16 21 22 13 15 4 1 2 5 7 8 9 11 12 6 24 3
214,358,7.859951,10 23 18 19 20 17 14 16 21 22 13 15 4 1 2 5 7 8 9 11 12 6 24 3
215,358,7.849951,10 23 18 19 20 17 14 16 21 22 13 15 4 1 2 5 7 8 9 11 12 6 24 3
216,358,7.839951,10 23 18 19 20 17 14 16 21 22 13 15 4 1 2 5 7 8 9 11 12 6 24 3
217,358,7.82995,10 23 18 19 20 17 14 16 21 22 13 15 4 1 2 5 7 8 9 11 12 6 24 3
218,358,7.81995,10 23 18 19 20 17 14 16 21 22 13 15 4 1 2 5 7 8 9 11 12 6 24 3
219,372,7.80995,10 23 18 19 20 17 15 16 21 22 13 14 4 1 2 5 7 8 9 11 12 6 24 3
220,372,7.79995,10 23 18 19 20 17 15 16 21 22 13 14 4 1 2 5 7 8 9 11 12 6 24 3
221,376,7.789949,11 23 18 19 20 17 15 16 21 22 13 14 4 1 2 5 7 8 9 10 12 6 24 3
222,376,7.779949,11 23 18 19 20 17 15 16 21 22 13 14 4 1 2 5 7 8 9 10 12 6 24 3
223,376,7.769949,11 23 18 19 20 17 15 16 21 22 13 14 4 1 2 5 7 8 9 10 12 6 24 3
224,376,7.759949,11 23 18 19 20 17 15 16 21 22 13 14 4 1 2 5 7 8 9 10 12 6 24 3
225,376,7.749949,11 23 18 19 20 17 15 16 21 22 13 14 4 1 2 5 7 8 9 10 12 6 24 3
226,386,7.739948,11 23 18 19 20 17 15 16 21 22 13 14 12 1 2 5 7 8 9 10 4 6 24 3
227,402,7.729948,11 23 18 19 20 14 15 16 21 22 13 17 12 1 2 5 7 8 9 10 4 6 24 3
228,402,7.719948,11 23 18 19 20 14 15 16 21 22 13 17 12 1 2 5 7 8 9 10 4 6 24 3
229,402,7.709948,11 23 18 19 20 14 15 16 21 22 13 17 12 1 2 5 7 8 9 10 4 6 24 3
230,402,7.699947,11 23 18 19 20 14 15 16 21 22 13 17 12 1 2 5 7 8 9 10 4 6 24 3
231,400,7.689947,11 23 18 19 3 14 15 16 21 22 13 17 12 1 2 5 7 8 9 10 4 6 24 20
232,404,7.679947,16 23 18 19 3 14 15 11 21 22 13 17 12 1 2 5 7 8 9 10 4 6 24 20
233,404,7.669947,16 23 18 19 3 14 15 11 21 22 13 17 12 1 2 5 7 8 9 10 4 6 24 20
234,404,7.659946,16 23 18 19 3 14 15 11 21 22 13 17 12 1 2 5 7 8 9 10 4 6 24 20
235,404,7.649946,16 23 18 19 3 14 15 11 21 22 13 17 12 1 2 5 7 8 9 10 4 6 24 20
236,404,7.639946,16 23 18 19 3 14 15 11 21 22 13 17 12 1 2 5 7 8 9 10 4 6 24 20
237,404,7.629946,16 23 18 19 3 14 15 11 21 22 13 17 12 1 2 5 7 8 9 10 4 6 24 20
238,404,7.619946,16 23 18 19 3 14 15 11 21 22 13 17 12 1 2 5 7 8 9 10 4 6 24 20
239,404,7.609945,16 23 18 19 3 14 15 11 21 22 13 17 12 1 2 5 7 8 9 10 4 6 24 20
240,404,7.599945,16 23 18 19 3 14 15 11 21 22 13 17 12 1 2 5 7 8 9 10 4 6 24 20
241,404,7.589945,16 23 18 19 3 14 15 11 21 22 13 17 12 1 2 5 7 8 9 10 4 6 24 20
242,404,7.579945,16 23 18 19 3 14 15 11 21 22 13 17 12 1 2 5 7 8 9 10 4 6 24 20
243,416,7.569944,16 23 18 19 3 14 21 11 15 22 13 17 12 1 2 5 7 8 9 10 4 6 24 20
244,410,7.559944,16 23 18 19 3 14 11 21 15 22 13 17 12 1 2 5 7 8 9 10 4 6 24 20
245,410,7.549944,16 23 18 19 3 14 11 21 15 22 13 17 12 1 2 5 7 8 9 10 4 6 24 20
246,410,7.539944,16 23 18 19 3 14 11 21 15 22 13 17 12 1 2 5 7 8 9 10 4 6 24 20
247,410,7.529943,16 23 18 19 3 14 11 21 15 22 13 17 12 1 2 5 7 8 9 10 4 6 24 20
248,410,7.519943,16 23 18 19 3 14 11 21 15 22 13 17 12 1 2 5 7 8 9 10 4 6 24 20
249,410,7.509943,16 23 18 19 3 14 11 21 15 22 13 17 12 1 2 5 7 8 9 10 4 6 24 20
250,410,7.499943,16 23 18 19 3 14 11 21 15 22 13 17 12 1 2 5 7 8 9 10 4 6 24 20
251,410,7.489943,16 23 18 19 3 14 11 21 15 22 13 17 12 1 2 5 7 8 9 10 4 6 24 20
252,410,7.479942,16 23 18 19 3 14 11 21 15 22 13 17 12 1 2 5 7 8 9 10 4 6 24 20
253,410,7.469942,16 23 18 19 3 14 11 21 15 22 13 17 12 1 2 5 7 8 9 10 4 6 24 20
254,410,7.459942,16 23 18 19 3 14 11 21 15 22 13 17 12 1 2 5 7 8 9 10 4 6 24 20
255,410,7.449942,16 23 18 19 3 14 11 21 15 22 13 17 12 1 2 5 7 8 9 10 4 6 24 20
256,410,7.439941,16 23 18 19 3 14 11 21 15 22 13 17 12 1 2 5 7 8 9 10 4 6 24 20
257,404,7.429941,16 23 18 19 9 14 11 21 15 22 13 17 12 1 2 5 7 8 3 10 4 6 24 20
258,402,7.419941,16 23 18 19 9 14 11 21 15 22 13 17 12 1 2 5 7 6 3 10 4 8 24 20
259,402,7.409941,16 23 18 19 9 14 11 21 15 22 13 17 12 1 2 5 7 6 3 10 4 8 24 20
260,402,7.39994,16 23 18 19 9 14 11 21 15 22 13 17 12 1 2 5 7 6 3 10 4 8 24 20
261,402,7.38994,16 23 18 19 9 14 11 21 15 22 13 17 12 1 2 5 7 6 3 10 4 8 24 20
262,402,7.37994,16 23 18 19 9 14 11 21 15 22 13 17 12 1 2 5 7 6 3 10 4 8 24 20
263,402,7.36994,16 23 18 19 9 14 11 21 15 22 13 17 12 1 2 5 7 6 3 10 4 8 24 20
264,402,7.35994,16 23 18 19 9 14 11 21 15 22 13 17 12 1 2 5 7 6 3 10 4 8 24 20
265,402,7.349939,16 23 18 19 9 14 11 21 15 22 13 17 12 1 2 5 7 6 3 10 4 8 24 20
266,402,7.339939,16 23 18 19 9 14 11 21 15 22 13 17 12 1 2 5 7 6 3 10 4 8 24 20
267,402,7.329939,16 23 18 19 9 14 11 21 15 22 13 17 12 1 2 5 7 6 3 10 4 8 24 20
268,402,7.319939,16 23 18 19 9 14 11 21 15 22 13 17 12 1 2 5 7 6 3 10 4 8 24 20
269,402,7.309938,16 23 18 19 9 14 11 21 15 22 13 17 12 1 2 5 7 6 3 10 4 8 24 20
270,402,7.299938,16 23 18 19 9 14 11 21 15 22 13 17 12 1 2 5 7 6 3 10 4 8 24 20
271,402,7.289938,16 23 18 19 9 14 11 21 15 22 13 17 12 1 2 5 7 6 3 10 4 8 24 20
272,402,7.279938,16 23 18 19 9 14 11 21 15 22 13 17 12 1 2 5 7 6 3 10 4 8 24 20
273,402,7.269938,16 23 18 19 9 14 11 21 15 22 13 17 12 1 2 5 7 6 3 10 4 8 24 20
274,402,7.259937,16 23 18 19 9 14 11 21 15 22 13 17 12 1 2 5 7 6 3 10 4 8 24 20
275,402,7.249937,16 23 18 19 9 14 11 21 15 22 13 17 12 1 2 5 7 6 3 10 4 8 24 20
276,402,7.239937,16 23 18 19 9 14 11 21 15 22 13 17 12 1 2 5 7 6 3 10 4 8 24 20
277,402,7.229937,16 23 18 19 9 14 11 21 15 22 13 17 12 1 2 5 7 6 3 10 4 8 24 20
278,402,7.219936,16 23 18 19 9 14 11 21 15 22 13 17 12 1 2 5 7 6 3 10 4 8 24 20
279,402,7.209936,16 23 18 19 9 14 11 21 15 22 13 17 12 1 2 5 7 6 3 10 4 8 24 20
280,390,7.199936,16 23 18 19 9 14 11 21 22 15 13 17 12 1 2 5 7 6 3 10 4 8 24 20
281,390,7.189936,16 23 18 19 9 14 11 21 22 15 13 17 12 1 2 5 7 6 3 10 4 8 24 20
282,390,7.179935,16 23 18 19 9 14 11 21 22 15 13 17 12 1 2 5 7 6 3 10 4 8 24 20
283,390,7.169935,16 23 18 19 9 14 11 21 22 15 13 17 12 1 2 5 7 6 3 10 4 8 24 20
284,390,7.159935,16 23 18 19 9 14 11 21 22 15 13 17 12 1 2 5 7 6 3 10 4 8 24 20
285,396,7.149935,16 23 18 19 21 14 11 9 22 15 13 17 12 1 2 5 7 6 3 10 4 8 24 20
286,396,7.139935,16 23 18 19 21 14 11 9 22 15 13 17 12 1 2 5 7 6 3 10 4 8 24 20
287,396,7.129934,16 23 18 19 21 14 11 9 22 15 13 17 12 1 2 5 7 6 3 10 4 8 24 20
288,396,7.119934,16 23 18 19 21 14 11 9 22 15 13 17 12 1 2 5 7 6 3 10 4 8 24 20
289,386,7.109934,16 23 18 19 21 14 11 9 22 15 13 17 4 1 2 5 7 6 3 10 12 8 24 20
290,386,7.099934,16 23 18 19 21 14 11 9 22 15 13 17 4 1 2 5 7 6 3 10 12 8 24 20
291,386,7.089933,16 23 18 19 21 14 11 9 22 15 13 17 4 1 2 5 7 6 3 10 12 8 24 20
292,386,7.079933,16 23 18 19 21 14 11 9 22 15 13 17 4 1 2 5 7 6 3 10 12 8 24 20
293,386,7.069933,16 23 18 19 21 14 11 9 22 15 13 17 4 1 2 5 7 6 3 10 12 8 24 20
294,386,7.059933,16 23 18 19 21 14 11 9 22 15 13 17 4 1 2 5 7 6 3 10 12 8 24 20
295,386,7.049932,16 23 18 19 21 14 11 9 13 15 22 17 4 1 2 5 7 6 3 10 12 8 24 20
296,386,7.039932,16 23 18 19 21 14 11 9 13 15 22 17 4 1 2 5 7 6 3 10 12 8 24 20
297,386,7.029932,16 23 18 19 21 14 11 9 13 15 22 17 4 1 2 5 7 6 3 10 12 8 24 20
298,378,7.019932,16 23 18 19 21 14 9 11 13 15 22 17 4 1 2 5 7 6 3 10 12 8 24 20
299,382,7.009932,23 16 18 19 21 14 9 11 13 15 22 17 4 1 2 5 7 6 3 10 12 8 24 20
300,382,6.999931,23 16 18 19 21 14 9 11 13 15 22 17 4 1 2 5 7 6 3 10 12 8 24 20
301,382,6.989931,23 16 18 19 21 14 9 11 13 15 22 17 4 1 2 5 7 6 3 10 12 8 24 20
302,384,6.979931,3 16 18 19 21 14 9 11 13 15 22 17 4 1 2 5 7 6 23 10 12 8 24 20
303,384,6.969931,3 16 18 19 21 14 9 11 13 15 22 17 4 1 2 5 7 6 23 10 12 8 24 20
304,378,6.95993,3 16 18 19 21 14 9 11 13 15 22 17 4 1 2 5 7 6 23 10 8 12 24 20
305,372,6.94993,3 16 18 19 21 15 9 11 13 14 22 17 4 1 2 5 7 6 23 10 8 12 24 20
306,394,6.93993,3 16 18 19 21 15 9 11 13 14 22 7 4 1 2 5 17 6 23 10 8 12 24 20
307,382,6.92993,3 16 18 19 21 22 9 11 13 14 15 7 4 1 2 5 17 6 23 10 8 12 24 20
308,382,6.91993,3 16 18 19 21 22 9 11 13 14 15 7 4 1 2 5 17 6 23 10 8 12 24 20
309,382,6.909929,3 16 18 19 21 22 9 11 13 14 15 7 4 1 2 5 17 6 23 10 8 12 24 20
310,376,6.899929,3 16 18 19 21 22 9 11 13 14 15 7 2 1 4 5 17 6 23 10 8 12 24 20
311,376,6.889929,3 16 18 19 21 22 9 11 13 14 15 7 2 1 4 5 17 6 23 10 8 12 24 20
312,382,6.879929,3 16 18 19 21 22 9 11 13 8 15 7 2 1 4 5 17 6 23 10 14 12 24 20
313,382,6.869928,3 16 18 19 21 22 9 11 13 8 15 7 2 1 4 5 17 6 23 10 14 12 24 20
314,382,6.859928,3 16 18 19 21 22 9 11 13 8 15 7 2 1 4 5 17 6 23 10 14 12 24 20
315,382,6.849928,3 16 18 19 21 22 9 11 13 8 15 7 2 1 4 5 17 6 23 10 14 12 24 20
316,382,6.839928,3 16 18 19 21 22 9 11 13 8 15 7 2 1 4 5 17 6 23 10 14 12 24 20
317,382,6.829927,3 16 18 19 21 22 9 11 13 8 15 7 2 1 4 5 17 6 23 10 14 12 24 20
318,382,6.819927,3 16 18 19 21 22 9 11 13 8 15 7 2 1 4 5 17 6 23 10 14 12 24 20
319,382,6.809927,3 16 18 19 21 22 9 11 13 8 15 7 2 1 4 5 17 6 23 10 14 12 24 20
320,382,6.799927,3 16 18 19 21 22 9 11 13 8 15 7 2 1 4 5 17 6 23 10 14 12 24 20
321,382,6.789927,3 16 18 19 21 22 9 11 13 8 15 7 2 1 4 5 17 6 23 10 14 12 24 20
322,382,6.779926,3 16 18 19 21 22 9 11 13 8 15 7 2 1 4 5 17 6 23 10 14 12 24 20
323,386,6.769926,3 16 18 19 21 22 9 11 13 8 15 7 2 1 4 5 14 6 23 10 17 12 24 20
324,386,6.759926,3 16 18 19 21 22 9 11 13 8 15 7 2 1 4 5 14 6 23 10 17 12 24 20
325,386,6.749926,3 16 18 19 21 22 9 11 13 8 15 7 2 1 4 5 14 6 23 10 17 12 24 20
326,364,6.739925,3 16 18 19 21 22 9 11 13 8 5 7 2 1 4 15 14 6 23 10 17 12 24 20
327,364,6.729925,3 16 18 19 21 22 9 11 13 8 5 7 2 1 4 15 14 6 23 10 17 12 24 20
328,364,6.719925,3 16 18 19 21 22 9 11 13 8 5 7 2 1 4 15 14 6 23 10 17 12 24 20
329,364,6.709925,3 16 18 19 21 22 9 11 13 8 5 7 2 1 4 15 14 6 23 10 17 12 24 20
330,364,6.699924,3 16 18 19 21 22 9 11 13 8 5 7 2 1 4 15 14 6 23 10 17 12 24 20
331,364,6.689924,3 16 18 19 21 22 9 11 13 8 5 7 2 1 4 15 14 6 23 10 17 12 24 20
332,364,6.679924,3 16 18 19 21 22 9 11 13 8 5 7 2 1 4 15 14 6 23 10 17 12 24 20
333,350,6.669924,3 16 18 19 21 22 9 11 6 8 5 7 2 1 4 15 14 13 23 10 17 12 24 20
334,350,6.659924,3 16 18 19 21 22 9 11 6 8 5 7 2 1 4 15 14 13 23 10 17 12 24 20
335,350,6.649923,3 16 18 19 21 22 9 11 6 8 5 7 2 1 4 15 14 13 23 10 17 12 24 20
336,350,6.639923,3 16 18 19 21 22 9 11 6 8 5 7 2 1 4 15 14 13 23 10 17 12 24 20
337,350,6.629923,3 16 18 19 21 22 9 11 6 8 5 7 2 1 4 15 14 13 23 10 17 12 24 20
338,350,6.619923,3 16 18 19 21 22 9 11 6 8 5 7 2 1 4 15 14 13 23 10 17 12 24 20
339,350,6.609922,3 16 18 19 21 22 9 11 6 8 5 7 2 1 4 15 14 13 23 10 17 12 24 20
340,350,6.599922,3 16 18 22 21 19 9 11 6 8 5 7 2 1 4 15 14 13 23 10 17 12 24 20
341,358,6.589922,3 7 18 22 21 19 9 11 6 8 5 16 2 1 4 15 14 13 23 10 17 12 24 20
342,358,6.579922,3 7 18 22 21 19 9 11 6 8 5 16 2 1 4 15 14 13 23 10 17 12 24 20
343,358,6.569921,3 7 18 22 21 19 9 11 6 8 5 16 2 1 4 15 14 13 23 10 17 12 24 20
344,358,6.559921,3 7 18 22 21 19 9 11 6 8 5 16 2 1 4 15 14 13 23 10 17 12 24 20
345,344,6.549921,3 7 18 22 21 19 10 11 6 8 5 16 2 1 4 15 14 13 23 9 17 12 24 20
346,344,6.539921,3 7 18 22 21 19 10 11 6 8 5 16 2 1 4 15 14 13 23 9 17 12 24 20
347,344,6.529921,3 7 18 22 21 19 10 11 6 8 5 16 2 1 4 15 14 13 23 9 17 12 24 20
348,344,6.51992,3 7 18 22 21 19 10 11 6 8 5 16 2 1 4 15 14 13 23 9 17 12 24 20
349,344,6.50992,3 7 18 22 21 19 10 11 6 8 5 16 2 1 4 15 14 13 23 9 17 12 24 20
350,340,6.49992,3 7 23 22 21 19 10 11 6 8 5 16 2 1 4 15 14 13 18 9 17 12 24 20
351,340,6.48992,3 7 23 22 21 19 10 11 6 8 5 16 2 1 4 15 14 13 18 9 17 12 24 20
352,336,6.479919,3 7 23 22 21 19 10 11 6 8 5 16 2 1 4 18 14 13 15 9 17 12 24 20
353,336,6.469919,3 7 23 22 21 19 10 11 6 8 5 16 2 1 4 18 14 13 15 9 17 12 24 20
354,336,6.459919,3 7 23 22 21 19 10 11 6 8 5 16 2 1 4 18 14 13 15 9 17 12 24 20
355,336,6.449919,3 7 23 22 21 19 10 11 6 8 5 16 2 1 4 18 14 13 15 9 17 12 24 20
356,340,6.439919,3 7 23 22 19 21 10 11 6 8 5 16 2 1 4 18 14 13 15 9 17 12 24 20
357,340,6.429918,3 7 23 22 19 21 10 11 6 8 5 16 2 1 4 18 14 13 15 9 17 12 24 20
358,354,6.419918,3 7 23 22 19 21 10 4 6 8 5 16 2 1 11 18 14 13 15 9 17 12 24 20
359,354,6.409918,3 7 23 22 19 21 10 4 6 8 5 16 2 1 11 18 14 13 15 9 17 12 24 20
360,354,6.399918,3 7 23 22 19 21 10 4 6 8 5 16 2 1 11 18 14 13 15 9 17 12 24 20
361,354,6.389917,3 7 23 22 19 21 10 4 6 8 5 16 2 1 11 18 14 13 15 9 17 12 24 20
362,354,6.379917,3 7 23 22 19 21 10 4 6 8 5 16 2 1 11 18 14 13 15 9 17 12 24 20
363,354,6.369917,3 7 23 22 19 21 10 4 6 8 5 16 2 1 11 18 14 13 15 9 17 12 24 20
364,354,6.359917,3 7 23 22 19 21 10 4 6 8 5 16 2 1 11 18 14 13 15 9 17 12 24 20
365,354,6.349916,3 7 23 22 19 21 10 4 6 8 5 16 2 1 11 18 14 13 15 9 17 12 24 20
366,354,6.339916,3 7 23 22 19 21 10 4 6 8 5 16 2 1 11 18 14 13 15 9 17 12 24 20
367,354,6.329916,3 7 23 22 19 21 10 4 6 8 5 16 2 1 11 18 14 13 15 9 17 12 24 20
368,354,6.319916,3 7 23 22 19 21 10 4 6 8 5 16 2 1 11 18 14 13 15 9 17 12 24 20
369,354,6.309916,3 7 23 22 19 21 10 4 6 8 5 16 2 1 11 18 14 13 15 9 17 12 24 20
370,354,6.299915,3 7 23 22 19 21 10 4 6 8 5 16 2 1 11 18 14 13 15 9 17 12 24 20
371,354,6.289915,3 7 23 22 19 21 10 4 6 8 5 16 2 1 11 18 14 13 15 9 17 12 24 20
372,358,6.279915,3 7 23 22 19 21 10 4 6 8 5 16 2 1 11 15 14 13 18 9 17 12 24 20
373,358,6.269915,3 7 23 22 19 21 10 4 6 8 5 16 2 1 11 15 14 13 18 9 17 12 24 20
374,342,6.259914,3 7 9 22 19 21 10 4 6 8 5 16 2 1 11 15 14 13 18 23 17 12 24 20
375,344,6.249914,3 7 6 22 19 21 10 4 9 8 5 16 2 1 11 15 14 13 18 23 17 12 24 20
376,344,6.239914,3 7 6 22 19 21 10 4 9 8 5 16 2 1 11 15 14 13 18 23 17 12 24 20
377,344,6.229914,3 7 6 22 19 21 10 4 9 8 5 16 2 1 11 15 14 13 18 23 17 12 24 20
378,350,6.219913,3 7 23 22 19 21 10 4 9 8 5 16 2 1 11 15 14 13 18 6 17 12 24 20
379,350,6.209913,3 7 23 22 19 21 10 4 9 8 5 16 2 1 11 15 14 13 18 6 17 12 24 20
380,350,6.199913,3 7 23 22 19 21 10 4 9 8 5 16 2 1 11 15 14 13 18 6 17 12 24 20
381,340,6.189913,3 7 23 22 19 21 10 4 9 8 5 16 2 1 11 15 14 13 18 6 12 17 24 20
382,340,6.179913,3 7 23 22 19 21 10 4 9 8 5 16 2 1 11 15 14 13 18 6 12 17 24 20
383,340,6.169912,3 7 23 22 19 21 10 4 9 8 5 16 2 1 11 15 14 13 18 6 12 17 24 20
384,340,6.159912,3 7 23 22 19 21 10 4 9 8 5 16 2 1 11 15 14 13 18 6 12 17 24 20
385,340,6.149912,3 7 23 22 19 21 10 4 9 8 5 16 2 1 11 15 14 13 18 6 12 17 24 20
386,340,6.139912,3 7 23 22 19 21 10 4 9 8 5 16 2 1 11 15 14 13 18 6 12 17 24 20
387,340,6.129911,3 7 23 22 19 21 10 4 9 8 5 16 2 1 11 15 14 13 18 6 12 17 24 20
388,340,6.119911,3 7 23 22 19 21 10 4 9 8 5 16 2 1 11 15 14 13 18 6 12 17 24 20
389,340,6.109911,3 7 23 22 19 21 10 4 9 8 5 16 2 1 11 15 14 13 18 6 12 17 24 20
390,328,6.099911,3 7 23 22 19 21 16 4 9 8 5 10 2 1 11 15 14 13 18 6 12 17 24 20
391,328,6.089911,3 7 23 22 19 21 16 4 9 8 5 10 2 1 11 15 14 13 18 6 12 17 24 20
392,328,6.07991,3 7 23 22 19 21 16 4 9 8 5 10 2 1 11 15 14 13 18 6 12 17 24 20
393,332,6.06991,3 7 23 22 16 21 19 4 9 8 5 10 2 1 11 15 14 13 18 6 12 17 24 20
394,332,6.05991,3 7 23 22 16 21 19 4 9 8 5 10 2 1 11 15 14 13 18 6 12 17 24 20
395,342,6.04991,3 7 23 22 16 21 19 4 9 8 5 10 2 1 11 15 14 13 24 6 12 17 18 20
396,342,6.039909,3 7 23 22 16 21 19 4 9 8 5 10 2 1 11 15 14 13 24 6 12 17 18 20
397,342,6.029909,3 7 23 22 16 21 19 4 9 8 5 10 2 1 11 15 14 13 24 6 12 17 18 20
398,338,6.019909,3 7 23 16 22 21 19 4 9 8 5 10 2 1 11 15 14 13 24 6 12 17 18 20
399,338,6.009909,3 7 23 16 22 21 19 4 9 8 5 10 2 1 11 15 14 13 24 6 12 17 18 20
400,338,5.999908,3 7 23 16 22 21 19 4 9 8 5 10 2 1 11 15 14 13 24 6 12 17 18 20
401,338,5.989908,3 7 23 16 22 21 19 4 9 8 5 10 2 1 11 15 14 13 24 6 12 17 18 20
402,338,5.979908,3 7 23 16 22 21 19 4 9 8 5 10 2 1 11 15 14 13 24 6 12 17 18 20
403,338,5.969908,3 7 23 16 22 21 19 4 9 8 5 10 2 1 11 15 14 13 24 6 12 17 18 20
404,338,5.959908,3 7 23 16 22 21 19 4 9 8 5 10 2 1 11 15 14 13 24 6 12 17 18 20
405,338,5.949907,3 7 23 16 22 21 19 4 9 8 5 10 2 1 11 15 14 13 24 6 12 17 18 20
406,338,5.939907,3 7 6 16 22 21 19 4 9 8 5 10 2 1 11 15 14 13 24 23 12 17 18 20
407,338,5.929907,3 7 6 16 22 21 19 4 9 8 5 10 2 1 11 15 14 13 24 23 12 17 18 20
408,358,5.919907,3 7 6 16 22 21 19 4 12 8 5 10 2 1 11 15 14 13 24 23 9 17 18 20
409,358,5.909906,3 7 6 16 22 21 19 4 12 8 5 10 2 1 11 15 14 13 24 23 9 17 18 20
410,358,5.899906,3 7 6 16 22 21 19 4 12 8 5 10 2 1 11 15 14 13 24 23 9 17 18 20
411,358,5.889906,3 7 6 16 22 21 19 4 12 8 5 10 2 1 11 15 14 13 24 23 9 17 18 20
412,358,5.879906,3 7 6 16 22 21 19 4 12 8 5 10 2 1 11 15 14 13 24 23 9 17 18 20
413,358,5.869905,3 7 6 16 22 21 19 4 12 8 5 10 2 1 11 15 14 13 24 23 9 17 18 20
414,345,5.859905,3 7 6 16 22 21 19 4 12 8 5 10 2 1 11 15 14 13 24 20 9 17 18 23
415,353,5.849905,3 7 6 16 22 21 19 20 12 8 5 10 2 1 11 15 14 13 24 4 9 17 18 23
416,353,5.839905,3 7 6 16 22 21 19 20 12 8 5 10 2 1 11 15 14 13 24 4 9 17 18 23
417,353,5.829905,3 7 6 16 22 21 19 20 12 8 5 10 2 1 11 15 14 13 24 4 9 17 18 23
418,353,5.819904,3 7 6 16 22 21 19 20 12 8 5 10 2 1 11 15 14 13 24 4 9 17 18 23
419,353,5.809904,3 7 6 16 22 21 19 20 12 8 5 10 2 1 11 15 14 13 24 4 9 17 18 23
420,362,5.799904,3 7 6 16 22 21 19 20 12 8 5 10 2 1 11 15 14 13 24 4 9 23 18 17
421,362,5.789904,3 7 6 16 22 21 19 20 12 8 5 10 2 1 11 15 14 13 24 4 9 23 18 17
422,362,5.779903,3 7 6 16 22 21 19 20 12 8 5 10 2 1 11 15 14 13 24 4 9 23 18 17
423,362,5.769903,3 7 6 16 22 21 19 20 12 8 5 10 2 1 11 15 14 13 24 4 9 23 18 17
424,362,5.759903,3 7 6 16 22 21 19 20 12 8 5 10 2 1 11 15 14 13 24 4 9 23 18 17
425,360,5.749903,3 7 6 16 22 21 19 20 12 8 5 11 2 1 10 15 14 13 24 4 9 23 18 17
426,360,5.739902,3 7 6 16 22 21 19 20 12 8 5 11 2 1 10 15 14 13 24 4 9 23 18 17
427,360,5.729902,3 7 6 16 22 21 19 20 12 8 5 11 2 1 10 15 14 13 24 4 9 23 18 17
428,360,5.719902,3 7 6 16 22 21 19 20 12 8 5 11 2 1 10 15 14 13 24 4 9 23 18 17
429,360,5.709902,3 7 6 16 22 21 19 20 12 8 5 11 2 1 10 15 14 13 24 4 9 23 18 17
430,360,5.699902,3 7 6 16 22 21 19 20 12 8 5 11 2 1 10 15 14 13 24 4 9 23 18 17
431,360,5.689901,3 7 6 16 22 21 19 20 12 8 5 11 2 1 10 15 14 13 24 4 9 23 18 17
432,360,5.679901,3 7 6 16 22 21 19 20 12 8 5 11 2 1 10 15 14 13 24 4 9 23 18 17
433,356,5.669901,3 7 6 16 22 21 19 20 12 8 5 11 2 1 10 15 14 24 13 4 9 23 18 17
434,356,5.659901,3 7 6 16 22 21 19 20 12 8 5 11 2 1 10 15 14 24 13 4 9 23 18 17
435,356,5.6499,3 7 6 16 22 21 19 20 12 8 5 11 2 1 10 15 14 24 13 4 9 23 18 17
436,356,5.6399,3 7 6 16 22 21 19 20 12 8 5 11 2 1 10 15 14 24 13 4 9 23 18 17
437,356,5.6299,3 7 6 16 22 21 23 20 12 8 5 11 2 1 10 15 14 24 13 4 9 19 18 17
438,356,5.6199,3 7 6 16 22 21 23 20 12 8 5 11 2 1 10 15 14 24 13 4 9 19 18 17
439,352,5.6099,3 7 6 19 22 21 23 20 12 8 5 11 2 1 10 15 14 24 13 4 9 16 18 17
440,352,5.599899,3 7 6 19 22 21 23 20 12 8 5 11 2 1 10 15 14 24 13 4 9 16 18 17
441,352,5.589899,3 7 6 19 22 21 23 20 12 8 5 11 2 1 10 15 14 24 13 4 9 16 18 17
442,352,5.579899,3 7 6 19 22 21 23 20 12 8 5 11 2 1 10 15 14 24 13 4 9 16 18 17
443,352,5.569899,3 7 6 19 22 21 23 20 12 8 5 11 2 1 10 15 14 24 13 4 9 16 18 17
444,352,5.559898,3 7 6 19 22 21 23 20 12 8 5 11 2 1 10 15 14 24 13 4 9 16 18 17
445,352,5.549898,3 7 6 19 22 21 23 20 12 8 5 11 2 1 10 15 14 24 13 4 9 16 18 17
446,352,5.539898,3 7 6 19 22 21 23 20 12 8 5 11 2 1 10 15 14 24 13 4 9 16 18 17
447,352,5.529898,3 7 6 19 22 21 23 20 12 8 5 11 2 1 10 15 14 24 13 4 9 16 18 17
448,352,5.519897,3 7 6 19 22 21 23 20 12 8 5 11 2 1 10 15 14 24 13 4 9 16 18 17
449,352,5.509897,3 7 6 19 22 21 23 20 12 8 5 11 2 1 10 15 14 24 13 4 9 16 18 17
450,352,5.499897,3 7 6 19 22 21 23 20 12 8 5 11 2 1 10 15 14 24 13 4 9 16 18 17
451,352,5.489897,3 7 6 19 22 21 23 20 12 8 5 11 2 1 10 15 14 24 13 4 9 16 18 17
452,352,5.479897,3 7 6 19 22 21 23 20 12 8 5 11 2 1 10 15 14 24 13 4 9 16 18 17
453,352,5.469896,3 7 6 19 22 21 23 20 12 8 5 11 2 1 10 15 14 24 13 4 9 16 18 17
454,352,5.459896,3 7 6 19 22 21 23 20 12 8 5 11 2 1 10 15 14 24 13 4 9 16 18 17
455,352,5.449896,3 7 6 19 22 21 23 20 12 8 5 11 2 1 10 15 14 24 13 4 9 16 18 17
456,352,5.439896,3 7 6 19 22 21 23 20 12 8 5 11 2 1 10 15 14 24 13 4 9 16 18 17
457,352,5.429895,3 7 6 19 22 21 23 20 12 8 5 11 2 1 10 15 14 24 13 4 9 16 18 17
458,352,5.419895,3 7 6 19 22 21 23 20 12 8 5 11 2 1 10 15 14 24 13 4 9 16 18 17
459,352,5.409895,3 7 6 19 22 21 23 20 17 8 5 11 2 1 10 15 14 24 13 4 9 16 18 12
460,352,5.399895,3 7 6 19 22 21 23 20 17 8 5 11 2 1 10 15 14 24 13 4 9 16 18 12
461,352,5.389894,3 7 6 19 22 21 23 20 17 8 5 11 2 1 10 15 14 24 13 4 9 16 18 12
462,352,5.379894,3 7 6 19 22 21 23 20 17 8 5 11 2 1 10 15 14 24 13 4 9 16 18 12
463,354,5.369894,3 7 6 19 22 21 23 20 17 8 5 11 2 1 10 15 14 18 13 4 9 16 24 12
464,352,5.359894,3 7 6 13 22 21 23 20 17 8 5 11 2 1 10 15 14 18 19 4 9 16 24 12
465,352,5.349894,3 7 6 13 22 21 23 20 17 8 5 11 2 1 10 15 14 18 19 4 9 16 24 12
466,352,5.339893,3 7 6 13 22 21 23 20 17 8 5 11 2 1 10 15 14 18 19 4 9 16 24 12
467,344,5.329893,3 7 11 13 22 21 23 20 17 8 5 6 2 1 10 15 14 18 19 4 9 16 24 12
468,352,5.319893,3 7 11 13 22 21 23 20 17 6 5 8 2 1 10 15 14 18 19 4 9 16 24 12
469,352,5.309893,3 7 11 13 22 21 23 20 17 6 5 8 2 1 10 15 14 18 19 4 9 16 24 12
470,352,5.299892,3 7 11 13 22 21 23 20 17 6 5 8 2 1 10 15 14 18 19 4 9 16 24 12
471,352,5.289892,3 7 11 13 22 21 23 20 17 6 5 8 2 1 10 15 14 18 19 4 9 16 24 12
472,352,5.279892,3 7 11 13 22 21 23 20 17 6 5 8 2 1 10 15 14 18 19 4 9 16 24 12
473,352,5.269892,3 7 11 13 22 21 23 20 17 6 5 8 2 1 10 15 14 18 19 4 9 16 24 12
474,352,5.259892,3 7 11 13 22 21 23 20 17 6 5 8 2 1 10 15 14 18 19 4 9 16 24 12
475,352,5.249891,3 7 11 13 22 21 23 20 17 6 5 8 2 1 10 15 14 18 19 4 9 16 24 12
476,352,5.239891,3 7 11 13 22 21 23 20 17 6 5 8 2 1 10 15 14 18 19 4 9 16 24 12
477,348,5.229891,3 7 11 13 14 21 23 20 17 6 5 8 2 1 10 15 22 18 19 4 9 16 24 12
478,348,5.219891,3 7 11 13 14 21 23 20 17 6 5 8 2 1 10 15 22 18 19 4 9 16 24 12
479,348,5.20989,3 7 11 13 14 21 23 20 17 6 5 8 2 1 10 15 22 18 19 4 9 16 24 12
480,348,5.19989,3 7 11 13 14 21 23 20 17 6 5 8 2 1 10 15 22 18 19 4 9 16 24 12
481,348,5.18989,3 7 11 13 14 21 23 20 17 6 5 8 2 1 10 15 22 18 19 4 9 16 24 12
482,348,5.17989,3 7 11 13 14 21 23 20 17 6 5 8 2 1 10 15 22 18 19 4 9 16 24 12
483,348,5.169889,3 7 11 13 14 21 19 20 17 6 5 8 2 1 10 15 22 18 23 4 9 16 24 12
484,348,5.159889,3 7 11 13 14 21 19 20 17 6 5 8 2 1 10 15 22 18 23 4 9 16 24 12
485,348,5.149889,3 7 11 13 14 21 19 20 17 6 5 8 2 1 10 15 22 18 23 4 9 16 24 12
486,348,5.139889,3 7 11 13 14 21 19 20 17 6 5 8 2 1 10 15 22 18 23 4 9 16 24 12
487,348,5.129889,3 7 11 13 14 21 19 20 17 6 5 8 2 1 10 15 22 18 23 4 9 16 24 12
488,348,5.119888,3 7 11 13 14 21 19 20 17 6 5 8 2 1 10 15 22 18 23 4 9 16 24 12
489,348,5.109888,3 7 11 13 14 21 19 20 17 6 5 8 2 1 10 15 22 18 23 4 9 16 24 12
490,352,5.099888,3 7 11 13 14 15 19 20 17 6 5 8 2 1 10 21 22 18 23 4 9 16 24 12
491,352,5.089888,3 7 11 13 14 15 19 20 17 6 5 8 2 1 10 21 22 18 23 4 9 16 24 12
492,350,5.079887,3 7 11 13 14 23 19 20 17 6 5 8 2 1 10 21 22 18 15 4 9 16 24 12
493,350,5.069887,3 7 11 13 14 23 19 20 17 6 5 8 2 1 10 21 22 18 15 4 9 16 24 12
494,350,5.059887,3 7 11 13 14 23 19 20 17 6 5 8 2 1 10 21 22 18 15 4 9 16 24 12
495,350,5.049887,3 7 11 13 14 23 19 20 17 6 5 8 2 1 10 21 22 18 15 4 9 16 24 12
496,350,5.039886,3 7 11 13 14 23 19 20 17 6 5 8 2 1 10 21 22 18 15 4 9 16 24 12
497,350,5.029886,3 7 11 13 14 23 19 20 17 6 5 8 2 1 10 21 22 18 15 4 9 16 24 12
498,350,5.019886,3 7 11 13 14 23 19 20 17 6 5 8 2 1 10 21 22 18 15 4 9 16 24 12
499,350,5.009886,3 7 11 13 14 23 19 20 17 6 5 8 2 1 10 21 22 18 15 4 9 16 24 12
500,350,4.999886,3 7 11 13 14 23 19 20 17 6 5 8 2 1 10 21 22 18 15 4 9 16 24 12
501,350,4.989885,3 7 11 13 14 23 19 20 17 6 5 8 2 1 10 21 22 18 15 4 9 16 24 12
502,350,4.979885,3 7 11 13 14 23 19 20 17 6 5 8 2 1 10 21 22 18 15 4 9 16 24 12
503,352,4.969885,3 7 11 13 14 23 19 20 17 5 6 8 2 1 10 21 22 18 15 4 9 16 24 12
504,352,4.959885,3 7 11 13 14 23 19 20 17 5 6 8 2 1 10 21 22 18 15 4 9 16 24 12
505,352,4.949884,3 7 11 13 14 23 19 20 17 5 6 8 2 1 10 21 22 18 15 4 9 16 24 12
506,352,4.939884,3 7 11 13 14 23 19 20 17 5 6 8 2 1 10 21 22 18 15 4 9 16 24 12
507,352,4.929884,3 7 11 13 14 23 19 20 17 5 6 8 2 1 10 21 22 18 15 4 9 16 24 12
508,342,4.919884,3 7 9 13 14 23 19 20 17 5 6 8 2 1 10 21 22 18 15 4 11 16 24 12
509,342,4.909883,3 7 9 13 14 23 19 20 17 5 6 8 2 1 10 21 22 18 15 4 11 16 24 12
510,342,4.899883,3 7 9 13 14 23 19 20 17 5 6 8 2 1 10 21 22 18 15 4 11 16 24 12
511,342,4.889883,3 7 9 13 14 23 19 20 17 5 6 8 2 1 10 21 22 18 15 4 11 16 24 12
512,346,4.879883,3 7 9 13 14 10 19 20 17 5 6 8 2 1 23 21 22 18 15 4 11 16 24 12
513,346,4.869883,3 7 9 13 14 10 19 20 17 5 6 8 2 1 23 21 22 18 15 4 11 16 24 12
514,346,4.859882,3 7 9 13 14 10 19 20 17 5 6 8 2 1 23 21 22 18 15 4 11 16 24 12
515,346,4.849882,3 7 9 13 14 10 19 20 17 5 6 8 2 1 23 21 22 18 15 4 11 16 24 12
516,346,4.839882,3 7 9 13 14 10 19 20 17 5 6 8 2 1 21 23 22 18 15 4 11 16 24 12
517,346,4.829882,3 7 9 13 14 10 19 20 17 5 6 8 2 1 21 23 22 18 15 4 11 16 24 12
518,346,4.819881,3 7 9 13 14 10 19 20 17 5 6 8 2 1 21 23 22 18 15 4 11 16 24 12
519,346,4.809881,3 7 9 13 14 15 19 20 17 5 6 8 2 1 21 23 22 18 10 4 11 16 24 12
520,346,4.799881,3 7 9 13 14 15 19 20 17 5 6 8 2 1 21 23 22 18 10 4 11 16 24 12
521,346,4.789881,3 7 9 13 14 15 19 20 17 5 6 8 2 1 21 23 22 18 10 4 11 16 24 12
522,346,4.779881,3 7 9 13 14 15 19 20 17 5 6 8 2 1 21 23 22 18 10 4 11 16 24 12
523,346,4.76988,3 7 9 13 14 15 19 20 17 5 6 8 2 1 21 23 22 18 10 4 11 16 24 12
524,342,4.75988,3 7 9 13 14 15 19 12 17 5 6 8 2 1 21 23 22 18 10 4 11 16 24 20
525,342,4.74988,3 7 17 13 14 15 19 12 9 5 6 8 2 1 21 23 22 18 10 4 11 16 24 20
526,342,4.73988,3 7 17 13 14 15 19 12 9 5 6 8 2 1 21 23 22 18 10 4 11 16 24 20
527,342,4.729879,3 7 17 13 14 15 19 12 9 5 6 8 2 1 21 23 22 18 10 4 11 16 24 20
528,342,4.719879,3 7 17 13 14 15 19 12 9 5 6 8 2 1 21 23 22 18 10 4 11 16 24 20
529,342,4.709879,3 7 17 13 14 15 19 12 9 5 6 8 2 1 21 23 22 18 10 4 11 16 24 20
530,342,4.699879,3 7 17 13 14 15 19 12 9 5 6 8 2 1 21 23 22 18 10 4 11 16 24 20
531,342,4.689878,3 7 17 13 14 15 19 12 9 5 6 8 2 1 21 23 22 18 10 4 11 16 24 20
532,342,4.679878,3 7 17 13 14 15 19 12 9 5 6 8 2 1 21 23 22 18 10 4 11 16 24 20
533,342,4.669878,3 7 17 13 14 15 19 12 9 5 6 8 2 1 21 23 22 18 10 4 11 16 24 20
534,342,4.659878,3 7 17 13 14 15 19 12 9 5 6 8 2 1 21 23 22 18 10 4 11 16 24 20
535,342,4.649878,3 7 17 13 14 15 19 12 9 5 6 8 2 1 21 23 22 18 10 4 11 16 24 20
536,342,4.639877,3 7 17 13 14 15 19 12 9 5 6 8 2 1 21 23 22 18 10 4 11 16 24 20
537,342,4.629877,3 7 17 13 14 15 19 12 9 5 6 8 2 1 21 23 22 18 10 4 11 16 24 20
538,336,4.619877,3 7 17 13 16 15 19 12 9 5 6 8 2 1 21 23 22 18 10 4 11 14 24 20
539,336,4.609877,3 7 17 13 16 15 19 12 9 5 6 8 2 1 21 23 22 18 10 4 11 14 24 20
540,336,4.599876,3 7 17 13 16 15 19 12 9 5 6 8 2 1 21 23 22 18 10 4 11 14 24 20
541,336,4.589876,3 7 17 13 16 15 19 12 9 5 6 8 2 1 21 23 22 18 10 4 11 14 24 20
542,338,4.579876,3 7 17 13 16 15 19 12 6 5 9 8 2 1 21 23 22 18 10 4 11 14 24 20
543,338,4.569876,3 7 17 13 16 15 19 12 6 5 9 8 2 1 21 23 22 18 10 4 11 14 24 20
544,338,4.559875,3 7 17 13 16 15 19 12 6 5 9 8 2 1 21 23 22 18 10 4 11 14 24 20
545,338,4.549875,3 7 17 13 16 15 19 12 6 5 9 8 2 1 21 23 22 18 10 4 11 14 24 20
546,338,4.539875,3 7 17 13 16 15 19 12 6 5 9 8 2 1 21 23 22 18 10 4 11 14 24 20
547,338,4.529875,3 7 17 13 16 15 19 12 6 5 9 8 2 1 21 23 22 18 10 4 11 14 24 20
548,338,4.519875,3 7 17 13 16 15 19 12 6 5 9 8 2 1 21 23 22 18 10 4 11 14 24 20
549,346,4.509874,3 7 17 13 16 23 19 12 6 5 9 8 2 1 21 15 22 18 10 4 11 14 24 20
550,346,4.499874,3 7 17 13 16 23 19 12 6 5 9 8 2 1 21 15 22 18 10 4 11 14 24 20
551,340,4.489874,3 7 17 13 16 22 19 12 6 5 9 8 2 1 21 15 23 18 10 4 11 14 24 20
552,340,4.479874,3 7 17 13 16 22 19 12 6 5 9 8 2 1 21 15 23 18 10 4 11 14 24 20
553,340,4.469873,3 7 17 13 16 22 19 12 6 5 9 8 2 1 21 15 23 18 10 4 11 14 24 20
554,340,4.459873,3 7 17 13 16 22 19 12 6 5 9 8 2 1 21 15 23 18 10 4 11 14 24 20
555,340,4.449873,3 7 17 13 16 22 19 12 6 5 9 8 2 1 21 15 23 18 10 4 11 14 24 20
556,340,4.439873,3 7 17 13 16 22 19 12 6 5 9 8 2 1 21 15 23 18 10 4 11 14 24 20
557,340,4.429873,3 7 17 13 16 22 19 12 6 5 9 8 2 1 21 15 23 18 10 4 11 14 24 20
558,340,4.419872,3 7 17 13 16 22 19 12 6 5 9 8 2 1 21 15 23 18 10 4 11 14 24 20
559,340,4.409872,3 7 17 13 16 22 19 12 6 5 9 8 2 1 21 15 23 18 10 4 11 14 24 20
560,340,4.399872,3 7 17 13 16 22 19 12 6 5 9 8 2 1 21 15 23 18 10 4 11 14 24 20
561,340,4.389872,3 7 17 13 16 22 19 12 6 5 9 8 2 1 21 15 23 18 10 4 11 14 24 20
562,340,4.379871,3 7 17 13 16 22 19 12 6 5 9 8 2 1 21 15 23 18 10 4 11 14 24 20
563,340,4.369871,3 7 17 13 16 22 19 12 6 5 9 8 2 1 21 15 23 18 10 4 11 14 24 20
564,340,4.359871,3 7 17 13 16 22 19 12 6 5 9 8 2 1 21 15 23 18 10 4 11 14 24 20
565,340,4.349871,3 7 17 13 16 22 19 12 6 5 9 8 2 1 21 15 23 18 10 4 11 14 24 20
566,340,4.33987,3 7 17 13 16 22 19 12 6 5 9 8 2 1 21 15 23 18 4 10 11 14 24 20
567,340,4.32987,3 7 17 13 16 22 19 12 6 5 9 8 2 1 21 15 23 18 4 10 11 14 24 20
568,340,4.31987,3 7 17 13 16 22 19 12 6 5 9 8 2 1 21 15 23 18 4 10 11 14 24 20
569,340,4.30987,3 7 17 13 16 22 19 12 6 5 9 8 2 1 21 15 23 18 4 10 11 14 24 20
570,340,4.29987,3 7 17 13 16 22 19 12 6 5 9 8 2 1 21 15 23 18 4 10 11 14 24 20
571,340,4.289869,3 7 17 13 16 22 19 12 6 5 9 8 2 1 21 15 23 18 4 10 11 14 24 20
572,340,4.279869,3 7 17 13 16 22 19 12 6 5 9 8 2 1 21 15 23 18 4 10 11 14 24 20
573,340,4.269869,3 7 17 13 16 22 19 12 6 5 9 8 2 1 21 15 23 18 4 10 11 14 24 20
574,340,4.259869,3 7 17 13 16 22 19 12 6 5 9 8 2 1 21 15 23 18 4 10 11 14 24 20
575,340,4.249868,3 7 17 13 16 22 19 12 6 5 9 8 2 1 21 15 23 18 4 10 11 14 24 20
576,340,4.239868,3 7 17 13 16 22 19 12 6 5 9 8 2 1 21 15 23 18 4 10 11 14 24 20
577,340,4.229868,3 7 17 13 16 22 19 12 6 5 9 8 2 1 21 15 23 18 4 10 11 14 24 20
578,340,4.219868,3 7 17 13 16 22 19 12 6 5 9 8 2 1 21 15 23 18 4 10 11 14 24 20
579,336,4.209867,3 7 17 14 16 22 19 12 6 5 9 8 2 1 21 15 23 18 4 10 11 13 24 20
580,336,4.199867,3 7 17 14 16 22 19 12 6 5 9 8 2 1 21 15 23 18 4 10 11 13 24 20
581,350,4.189867,3 7 24 14 16 22 19 12 6 5 9 8 2 1 21 15 23 18 4 10 11 13 17 20
582,350,4.179867,3 7 24 14 16 22 19 12 6 5 9 8 2 1 21 15 23 18 4 10 11 13 17 20
583,350,4.169867,3 7 24 14 16 22 19 12 6 5 9 8 2 1 21 15 23 18 4 10 11 13 17 20
584,350,4.159866,3 7 24 14 16 22 19 12 6 5 9 8 2 1 21 15 23 18 4 10 11 13 17 20
585,350,4.149866,3 7 24 14 16 22 19 12 6 5 9 8 2 1 21 15 23 18 4 10 11 13 17 20
586,350,4.139866,3 7 24 14 16 22 19 12 6 5 9 8 2 1 21 15 23 18 4 10 11 13 17 20
587,350,4.129866,3 7 24 14 16 22 19 12 6 5 9 8 2 1 21 15 23 18 4 10 11 13 17 20
588,350,4.119865,3 7 24 14 16 22 19 12 6 5 9 8 2 1 21 15 23 18 4 10 11 13 17 20
589,350,4.109865,3 7 24 14 19 22 16 12 6 5 9 8 2 1 21 15 23 18 4 10 11 13 17 20
590,350,4.099865,3 7 24 14 19 22 16 12 6 5 9 8 2 1 21 15 23 18 4 10 11 13 17 20
591,350,4.089865,3 7 24 14 19 22 16 12 6 5 9 8 2 1 21 15 23 18 4 10 11 13 17 20
592,350,4.079865,3 7 24 14 19 22 16 12 6 5 9 8 2 1 21 15 23 18 4 10 11 13 17 20
593,350,4.069864,3 7 24 14 19 22 16 12 6 5 9 8 2 1 21 15 23 18 4 10 11 13 17 20
594,350,4.059864,3 7 24 14 19 22 16 12 6 5 9 8 2 1 21 15 23 18 4 10 11 13 17 20
595,350,4.049864,3 7 24 14 19 22 16 12 6 5 9 8 2 1 21 15 23 18 4 10 11 13 17 20
596,350,4.039864,3 7 24 14 19 22 16 12 6 5 9 8 2 1 21 15 23 18 4 10 11 13 17 20
597,350,4.029863,3 7 24 14 19 22 16 12 6 5 9 8 2 1 21 15 23 18 4 10 11 13 17 20
598,350,4.019863,3 7 24 14 19 22 16 12 6 5 9 8 2 1 21 15 23 18 4 10 11 13 17 20
599,350,4.009863,3 7 24 14 19 22 16 12 6 5 9 8 2 1 21 15 23 18 4 10 11 13 17 20
600,350,3.999863,3 7 24 14 19 22 16 12 6 5 9 8 2 1 21 15 23 18 4 10 11 13 17 20
601,350,3.989863,3 7 24 14 19 22 16 12 6 5 9 8 2 1 21 15 23 18 4 10 11 13 17 20
602,350,3.979863,3 7 24 14 19 22 16 12 6 5 9 8 2 1 21 15 23 18 4 10 11 13 17 20
603,350,3.969863,3 7 24 14 19 22 16 12 6 5 9 8 2 1 21 15 23 18 4 10 11 13 17 20
604,350,3.959863,3 7 24 14 19 22 16 12 6 5 9 8 2 1 21 15 23 18 4 10 11 13 17 20
605,350,3.949863,3 7 24 14 19 22 16 12 6 5 9 8 2 1 21 15 23 18 4 10 11 13 17 20
606,350,3.939863,3 7 24 14 19 22 16 12 6 5 9 8 2 1 21 15 23 18 4 10 11 13 17 20
607,350,3.929863,3 7 24 14 19 22 16 12 6 5 9 8 2 1 21 15 23 18 4 10 11 13 17 20
608,350,3.919863,3 7 24 14 19 22 16 12 6 5 9 8 2 1 21 15 23 18 4 10 11 13 17 20
609,350,3.909863,3 7 24 14 19 22 16 12 6 5 9 8 2 1 21 15 23 18 4 10 11 13 17 20
610,350,3.899863,3 7 24 14 19 22 16 12 6 5 9 8 2 1 21 15 23 18 4 10 11 13 17 20
611,350,3.889863,3 7 24 14 19 22 16 12 6 5 9 8 2 1 21 15 23 18 4 10 11 13 17 20
612,350,3.879863,3 7 24 14 19 22 16 12 6 5 9 8 2 1 21 15 23 18 4 10 11 13 17 20
613,350,3.869863,3 7 24 14 19 22 16 12 6 5 9 8 2 1 21 15 23 18 4 10 11 13 17 20
614,350,3.859863,3 7 24 14 19 22 16 12 6 5 9 8 2 1 21 15 23 18 4 10 11 13 17 20
615,350,3.849863,3 7 24 14 19 22 16 12 6 5 9 8 2 1 21 15 23 18 4 10 11 13 17 20
616,350,3.839863,3 7 24 14 19 22 16 12 6 5 9 8 2 1 21 15 23 18 4 10 11 13 17 20
617,350,3.829863,3 7 24 14 19 22 16 12 6 5 9 8 2 1 21 15 23 18 4 10 11 13 17 20
618,350,3.819863,3 7 24 14 19 22 16 12 6 5 9 8 2 1 21 15 23 18 4 10 11 13 17 20
619,350,3.809863,3 7 24 14 19 22 16 12 6 5 9 8 2 1 21 15 23 18 4 10 11 13 17 20
620,350,3.799863,3 7 24 14 19 22 16 12 6 5 9 8 2 1 21 15 23 18 4 10 11 13 17 20
621,350,3.789863,3 7 24 14 19 22 16 12 6 5 9 8 2 1 21 15 23 18 4 10 11 13 17 20
622,350,3.779863,3 7 24 14 19 22 16 12 6 5 9 8 2 1 21 15 23 18 4 10 11 13 17 20
623,350,3.769863,3 7 24 14 19 22 16 12 6 5 9 8 2 1 21 15 23 18 4 10 11 13 17 20
624,350,3.759863,3 7 24 14 19 22 16 12 6 5 9 8 2 1 21 15 23 18 4 10 11 13 17 20
625,350,3.749863,3 7 24 14 19 22 16 12 6 5 9 8 2 1 21 15 23 18 4 10 11 13 17 20
626,350,3.739863,3 7 24 14 19 22 16 12 6 5 9 8 2 1 21 15 23 18 4 10 11 13 17 20
627,350,3.729863,3 7 24 14 19 22 16 12 6 5 9 8 2 1 21 15 23 18 4 10 11 13 17 20
628,350,3.719863,3 7 24 14 19 22 16 12 6 5 9 8 2 1 21 15 23 18 4 10 11 13 17 20
629,350,3.709863,3 7 24 14 19 22 16 12 6 5 9 8 2 1 21 15 23 18 4 10 11 13 17 20
630,350,3.699863,3 7 24 14 19 22 16 12 6 5 9 8 2 1 21 15 23 18 4 10 11 13 17 20
631,350,3.689863,3 7 24 14 19 22 16 12 6 5 9 8 2 1 21 15 23 18 4 10 11 13 17 20
632,350,3.679863,3 7 24 14 19 22 16 12 6 5 9 8 2 1 21 15 23 18 4 10 11 13 17 20
633,350,3.669863,3 7 24 14 19 22 16 12 6 5 9 8 2 1 21 15 23 18 4 10 11 13 17 20
634,342,3.659863,3 7 24 14 19 22 16 12 6 8 9 5 2 1 21 15 23 18 4 10 11 13 17 20
635,342,3.649863,3 7 24 14 19 22 16 12 6 8 9 5 2 1 21 15 23 18 4 10 11 13 17 20
636,342,3.639863,3 7 24 14 19 22 16 12 6 8 9 5 2 1 21 15 23 18 4 10 11 13 17 20
637,342,3.629863,3 7 24 14 19 22 16 12 6 8 9 5 2 1 21 15 23 18 4 10 11 13 17 20
638,342,3.619863,3 7 24 14 19 22 16 12 6 8 9 5 2 1 21 15 23 18 4 10 11 13 17 20
639,342,3.609863,3 7 24 14 19 22 16 12 6 8 9 5 2 1 21 15 23 18 4 10 11 13 17 20
640,342,3.599863,3 7 24 14 19 22 16 12 6 8 9 5 2 1 21 15 23 18 4 10 11 13 17 20
641,342,3.589863,3 7 24 14 19 22 16 12 6 8 9 5 2 1 21 15 18 23 4 10 11 13 17 20
642,342,3.579863,3 7 24 14 19 22 16 12 6 8 9 5 2 1 21 15 18 23 4 10 11 13 17 20
643,342,3.569863,3 7 24 14 19 22 16 12 6 8 9 5 2 1 21 15 18 23 4 10 11 13 17 20
644,342,3.559863,3 7 24 14 19 22 16 12 6 8 9 5 2 1 21 15 18 23 4 10 11 13 17 20
645,342,3.549863,3 7 24 14 19 22 16 12 6 8 9 5 2 1 21 15 18 23 4 10 11 13 17 20
646,342,3.539863,3 7 24 14 19 22 16 12 6 8 9 5 2 1 21 15 18 23 4 10 11 13 17 20
647,342,3.529863,3 7 24 14 19 22 16 12 6 8 9 5 2 1 21 15 18 23 4 10 11 13 17 20
648,342,3.519863,3 7 24 14 19 22 16 12 6 8 9 5 2 1 21 15 18 23 4 10 11 13 17 20
649,342,3.509863,3 7 24 14 19 22 16 12 6 8 9 5 2 1 21 15 18 23 4 10 11 13 17 20
650,342,3.499863,3 7 24 14 19 22 16 12 6 8 9 5 2 1 21 15 18 23 4 10 11 13 17 20
651,342,3.489863,3 7 24 14 19 22 16 12 6 8 9 5 2 1 21 15 18 23 4 10 11 13 17 20
652,342,3.479863,3 7 24 14 19 22 16 12 6 8 9 5 2 1 21 15 18 23 4 10 11 13 17 20
653,342,3.469863,3 7 24 14 19 22 16 12 6 8 9 5 2 1 21 15 18 23 4 10 11 13 17 20
654,342,3.459863,3 7 24 14 18 22 16 12 6 8 9 5 2 1 21 15 19 23 4 10 11 13 17 20
655,342,3.449863,3 7 24 14 18 22 16 12 6 8 9 5 2 1 21 15 19 23 4 10 11 13 17 20
656,342,3.439863,3 7 24 14 18 22 16 12 6 8 9 5 2 1 21 15 19 23 4 10 11 13 17 20
657,342,3.429863,3 7 24 14 18 22 16 12 6 8 9 5 2 1 21 15 19 23 4 10 11 13 17 20
658,342,3.419863,3 7 24 14 18 22 16 12 6 8 9 5 2 1 21 15 19 23 4 10 11 13 17 20
659,342,3.409863,3 7 24 14 18 22 16 12 6 8 9 5 2 1 21 15 19 23 4 10 11 13 17 20
660,342,3.399863,3 7 24 14 18 22 16 12 6 8 9 5 2 1 21 15 19 23 4 10 11 13 17 20
661,342,3.389863,3 7 24 14 18 22 16 12 6 8 9 5 2 1 21 15 19 23 4 10 11 13 17 20
662,342,3.379864,3 7 24 14 18 22 16 12 6 8 9 5 2 1 21 15 19 23 4 10 11 13 17 20
663,342,3.369864,3 7 24 14 18 22 16 12 6 8 9 5 2 1 21 15 19 23 4 10 11 13 17 20
664,342,3.359864,3 7 24 14 18 22 16 12 6 8 9 5 2 1 21 15 19 23 4 10 11 13 17 20
665,342,3.349864,3 7 24 14 18 22 16 12 6 8 9 5 2 1 21 15 19 23 4 10 11 13 17 20
666,342,3.339864,3 7 24 14 18 22 16 12 6 8 9 5 2 1 21 15 19 23 4 10 11 13 17 20
667,342,3.329864,3 7 24 14 18 22 16 12 6 8 9 5 2 1 21 15 19 23 4 10 11 13 17 20
668,342,3.319864,3 7 24 14 18 22 16 12 6 8 9 5 2 1 21 15 19 23 4 10 11 13 17 20
669,342,3.309864,3 7 24 14 18 22 16 12 6 8 9 5 2 1 21 15 19 23 4 10 11 13 17 20
670,342,3.299864,3 7 24 14 18 22 16 12 6 8 9 5 2 1 21 15 19 23 4 10 11 13 17 20
671,342,3.289864,3 7 24 14 18 22 16 12 6 8 9 5 2 1 21 15 19 23 4 10 11 13 17 20
672,342,3.279864,3 7 24 14 18 22 16 12 6 8 9 5 2 1 21 15 19 23 4 10 11 13 17 20
673,342,3.269864,3 7 24 14 18 22 16 12 6 8 9 5 2 1 21 15 19 23 4 10 11 13 17 20
674,344,3.259864,3 7 24 14 21 22 16 12 6 8 9 5 2 1 18 15 19 23 4 10 11 13 17 20
675,344,3.249864,3 7 24 14 21 22 16 12 6 8 9 5 2 1 18 15 19 23 4 10 11 13 17 20
676,344,3.239864,3 7 24 14 21 22 16 12 6 8 9 5 2 1 18 15 19 23 4 10 11 13 17 20
677,344,3.229864,3 7 24 14 21 22 16 12 6 8 9 5 2 1 18 15 19 23 4 10 11 13 17 20
678,344,3.219864,3 7 24 14 21 22 16 12 6 8 9 5 2 1 18 15 19 23 4 10 11 13 17 20
679,344,3.209864,3 7 24 14 21 22 16 12 6 8 9 5 2 1 18 15 19 23 4 10 11 13 17 20
680,340,3.199864,3 7 24 14 21 19 16 12 6 8 9 5 2 1 18 15 22 23 4 10 11 13 17 20
681,340,3.189864,3 7 24 14 21 19 16 12 6 8 9 5 2 1 18 15 22 23 4 10 11 13 17 20
682,340,3.179864,3 7 24 14 21 19 16 12 6 8 9 5 2 1 18 15 22 23 4 10 11 13 17 20
683,340,3.169864,3 7 24 14 21 19 16 12 6 8 9 5 2 1 18 15 22 23 4 10 11 13 17 20
684,336,3.159864,3 7 13 14 21 19 16 12 6 8 9 5 2 1 18 15 22 23 4 10 11 24 17 20
685,336,3.149864,3 7 13 14 21 19 16 12 6 8 9 5 2 1 18 15 22 23 4 10 11 24 17 20
686,336,3.139864,3 7 13 14 21 19 16 12 6 8 9 5 2 1 18 15 22 23 4 10 11 24 17 20
687,336,3.129864,3 7 13 14 21 19 16 12 6 8 9 5 2 1 18 15 22 23 4 10 11 24 17 20
688,336,3.119864,3 7 13 14 21 19 16 12 6 8 9 5 2 1 18 15 22 23 4 10 11 24 17 20
689,336,3.109864,3 7 13 14 21 19 16 12 6 8 9 5 2 1 18 15 22 23 4 10 11 24 17 20
690,336,3.099864,3 7 13 14 21 19 16 12 6 8 9 5 2 1 18 15 22 23 4 10 11 24 17 20
691,336,3.089864,3 7 13 14 21 19 16 12 6 8 9 5 2 1 18 15 22 23 4 10 11 24 17 20
692,336,3.079864,3 7 13 14 21 19 16 12 6 8 9 5 2 1 18 15 22 23 4 10 11 24 17 20
693,336,3.069864,3 7 13 14 21 19 16 12 6 8 9 5 2 1 18 15 22 23 4 10 11 24 17 20
694,336,3.059864,3 7 13 14 21 19 16 12 6 8 9 5 2 1 18 15 22 23 4 10 11 24 17 20
695,336,3.049864,3 7 13 14 21 19 16 12 6 8 9 5 2 1 18 15 22 23 4 10 11 24 17 20
696,336,3.039864,3 7 13 14 21 19 16 12 6 8 9 5 2 1 18 15 22 23 4 10 11 24 17 20
697,336,3.029864,3 7 13 14 21 19 16 12 6 8 9 5 2 1 18 15 22 23 4 10 11 24 17 20
698,336,3.019864,3 7 13 14 21 19 16 12 6 8 9 5 2 1 18 15 22 23 4 10 11 24 17 20
699,344,3.009864,3 7 13 14 21 19 16 12 6 8 9 5 2 1 18 22 15 23 4 10 11 24 17 20
700,344,2.999864,3 7 13 14 21 19 16 12 6 8 9 5 2 1 18 22 15 23 4 10 11 24 17 20
701,344,2.989864,3 7 13 14 21 19 16 12 6 8 9 5 2 1 18 22 15 23 4 10 11 24 17 20
702,344,2.979864,3 7 13 14 21 19 16 12 6 8 9 5 2 1 18 22 15 23 4 10 11 24 17 20
703,344,2.969864,3 7 13 14 21 19 16 12 6 8 9 5 2 1 18 22 15 23 4 10 11 24 17 20
704,344,2.959864,3 7 13 14 21 19 16 12 6 8 9 5 2 1 18 22 15 23 4 10 11 24 17 20
705,344,2.949864,3 7 13 14 21 19 16 12 6 8 9 5 2 1 22 18 15 23 4 10 11 24 17 20
706,344,2.939864,3 7 13 14 21 19 16 12 6 8 9 5 2 1 22 18 15 23 4 10 11 24 17 20
707,344,2.929864,3 7 13 14 21 19 16 12 6 8 9 5 2 1 22 18 15 23 4 10 11 24 17 20
708,344,2.919864,3 7 13 14 21 19 16 12 6 8 9 5 2 1 22 18 15 23 4 10 11 24 17 20
709,344,2.909864,3 7 13 14 21 19 16 12 6 8 9 5 2 1 22 18 15 23 4 10 11 24 17 20
710,344,2.899864,3 7 13 14 21 19 16 12 6 8 9 5 2 1 22 18 15 23 4 10 11 24 17 20
711,344,2.889864,3 7 13 14 21 19 16 12 6 8 9 5 2 1 22 18 15 23 4 11 10 24 17 20
712,344,2.879864,3 7 13 14 21 19 16 12 6 8 9 5 2 1 22 18 15 23 4 11 10 24 17 20
713,344,2.869864,3 7 13 14 21 19 16 12 6 8 9 5 2 1 22 18 15 23 4 11 10 24 17 20
714,344,2.859864,3 7 13 14 21 19 16 12 6 8 9 5 2 1 22 18 15 23 4 11 10 24 17 20
715,342,2.849864,3 7 13 14 21 18 16 12 6 8 9 5 2 1 22 19 15 23 4 11 10 24 17 20
716,342,2.839864,3 7 13 14 21 18 16 12 6 8 9 5 2 1 22 19 15 23 4 11 10 24 17 20
717,342,2.829864,3 7 13 14 21 18 16 12 6 8 9 5 2 1 22 19 15 23 4 11 10 24 17 20
718,342,2.819864,3 7 13 14 21 18 16 12 6 8 9 5 2 1 22 19 15 23 4 11 10 24 17 20
719,342,2.809864,3 7 13 14 21 18 16 12 6 8 9 5 2 1 22 19 15 23 4 11 10 24 17 20
720,340,2.799864,3 7 13 10 21 18 16 12 6 8 9 5 2 1 22 19 15 23 4 11 14 24 17 20
721,340,2.789864,3 7 13 10 21 18 16 12 6 8 9 5 2 1 22 19 15 23 4 11 14 24 17 20
722,340,2.779864,3 7 13 10 21 18 16 12 6 8 9 5 2 1 22 19 15 23 4 11 14 24 17 20
723,340,2.769864,3 7 13 10 21 18 16 12 6 8 9 5 2 1 22 19 15 23 4 11 14 24 17 20
724,340,2.759864,3 7 13 10 21 18 16 12 6 8 9 5 2 1 22 19 15 23 4 11 14 24 17 20
725,340,2.749864,3 7 13 10 21 18 16 12 6 8 9 5 2 1 22 19 15 23 4 11 14 24 17 20
726,340,2.739864,3 7 13 10 21 18 16 12 6 8 9 5 2 1 22 19 15 23 4 11 14 24 17 20
727,340,2.729864,3 7 13 10 21 18 16 12 6 8 9 5 2 1 22 19 15 23 4 11 14 24 17 20
728,340,2.719864,3 7 13 10 21 18 16 12 6 8 9 5 2 1 22 19 15 23 4 11 14 24 17 20
729,340,2.709864,3 7 13 10 21 18 16 12 6 8 9 5 2 1 22 19 15 23 4 11 14 24 17 20
730,336,2.699864,3 7 11 10 21 18 16 12 6 8 9 5 2 1 22 19 15 23 4 13 14 24 17 20
731,336,2.689864,3 7 11 10 21 18 16 12 6 8 9 5 2 1 22 19 15 23 4 13 14 24 17 20
732,338,2.679864,3 7 11 10 21 18 24 12 6 8 9 5 2 1 22 19 15 23 4 13 14 16 17 20
733,338,2.669864,3 7 11 10 21 18 24 12 6 8 9 5 2 1 22 19 15 23 4 13 14 16 17 20
734,338,2.659864,3 7 11 4 21 18 24 12 6 8 9 5 2 1 22 19 15 23 10 13 14 16 17 20
735,338,2.649864,3 7 11 4 21 18 24 12 6 8 9 5 2 1 22 19 15 23 10 13 14 16 17 20
736,338,2.639864,3 7 11 4 21 18 24 12 6 8 9 5 2 1 22 19 15 23 10 13 14 16 17 20
737,338,2.629864,3 7 11 4 21 18 24 12 6 8 9 5 2 1 22 19 15 23 10 13 14 16 17 20
738,338,2.619864,3 7 11 4 21 18 24 12 6 8 9 5 2 1 22 19 15 23 10 13 14 16 17 20
739,338,2.609864,3 7 11 4 21 18 24 12 6 8 9 5 2 1 22 19 15 23 10 13 14 16 17 20
740,338,2.599864,3 7 11 4 21 18 24 12 6 8 9 5 2 1 22 19 15 23 10 13 14 16 17 20
741,338,2.589864,3 7 11 4 21 18 24 12 6 8 9 5 2 1 22 19 15 23 10 13 14 16 17 20
742,338,2.579864,3 7 11 4 21 18 24 12 6 8 9 5 2 1 22 19 15 23 10 13 14 16 17 20
743,338,2.569864,3 7 11 4 21 18 24 12 6 8 9 5 2 1 22 19 15 23 10 13 14 16 17 20
744,338,2.559864,3 7 11 4 21 18 24 12 6 8 9 5 2 1 22 19 15 23 10 13 14 16 17 20
745,346,2.549864,3 7 11 4 21 18 24 12 6 8 9 5 2 1 22 19 15 23 10 13 14 17 16 20
746,346,2.539864,3 7 11 4 21 18 24 12 6 8 9 5 2 1 22 19 15 23 10 13 14 17 16 20
747,346,2.529864,3 7 11 4 21 18 24 12 6 8 9 5 2 1 22 19 15 23 10 13 14 17 16 20
748,347,2.519864,3 7 11 4 21 18 20 12 6 8 9 5 2 1 22 19 15 23 10 13 14 17 16 24
749,337,2.509864,3 7 11 4 21 16 20 12 6 8 9 5 2 1 22 19 15 23 10 13 14 17 18 24
750,337,2.499864,3 7 11 4 21 16 20 12 6 8 9 5 2 1 22 19 15 23 10 13 14 17 18 24
751,337,2.489864,3 7 11 4 21 16 20 12 6 8 9 5 2 1 22 19 15 23 10 13 14 17 18 24
752,337,2.479864,3 7 11 4 21 16 20 12 6 8 9 5 2 1 22 19 15 23 10 13 14 17 18 24
753,337,2.469864,3 7 11 4 21 16 20 12 6 8 9 5 2 1 22 19 15 23 10 13 14 17 18 24
754,337,2.459864,3 7 11 4 21 16 20 12 6 8 9 5 2 1 22 19 15 23 10 13 14 17 18 24
755,337,2.449864,3 7 11 4 21 16 20 12 6 8 9 5 2 1 22 19 15 23 10 13 14 17 18 24
756,337,2.439864,3 7 11 4 21 16 20 12 6 8 9 5 2 1 22 19 15 23 10 13 14 17 18 24
757,337,2.429864,3 7 11 4 21 16 20 12 6 8 9 5 2 1 22 19 15 23 10 13 14 17 18 24
758,337,2.419864,3 7 11 4 21 16 20 12 6 8 9 5 2 1 22 19 15 23 10 13 14 17 18 24
759,337,2.409864,3 7 11 4 21 16 20 12 6 8 9 5 2 1 23 19 15 22 10 13 14 17 18 24
760,337,2.399864,3 7 11 4 21 16 20 12 6 8 9 5 2 1 23 19 15 22 10 13 14 17 18 24
761,337,2.389864,3 7 11 4 21 16 20 12 6 8 9 5 2 1 23 19 15 22 10 13 14 17 18 24
762,337,2.379864,3 7 11 4 21 16 20 12 6 8 9 5 2 1 23 19 15 22 10 13 14 17 18 24
763,337,2.369864,3 7 11 4 21 16 20 12 6 8 9 5 2 1 23 19 15 22 10 13 14 17 18 24
764,329,2.359864,3 7 11 4 21 23 20 12 6 8 9 5 2 1 16 19 15 22 10 13 14 17 18 24
765,329,2.349864,3 7 11 4 21 23 20 12 6 8 9 5 2 1 16 19 15 22 10 13 14 17 18 24
766,329,2.339864,3 7 11 4 21 23 20 12 6 8 9 5 2 1 16 19 15 22 10 13 14 17 18 24
767,329,2.329865,3 7 11 4 21 23 20 12 6 8 9 5 2 1 16 19 15 22 10 13 14 17 18 24
768,329,2.319865,3 7 11 4 21 23 20 12 6 8 9 5 2 1 16 19 15 22 10 13 14 17 18 24
769,329,2.309865,3 7 11 4 21 23 20 12 6 8 9 5 2 1 16 19 15 22 10 13 14 17 18 24
770,331,2.299865,3 7 11 4 21 23 20 12 8 6 9 5 2 1 16 19 15 22 10 13 14 17 18 24
771,331,2.289865,3 7 11 4 21 23 20 12 8 6 9 5 2 1 16 19 15 22 10 13 14 17 18 24
772,331,2.279865,3 7 11 4 21 23 20 12 8 6 9 5 2 1 16 19 15 22 10 13 14 17 18 24
773,331,2.269865,3 7 11 4 21 23 20 12 8 6 9 5 2 1 16 19 15 22 10 13 14 17 18 24
774,331,2.259865,3 7 11 4 21 23 20 12 8 6 9 5 2 1 16 19 15 22 10 13 14 17 18 24
775,331,2.249865,3 7 11 4 21 23 20 12 8 6 9 5 2 1 16 19 15 22 10 13 14 17 18 24
776,331,2.239865,3 7 11 4 21 23 20 12 8 6 9 5 2 1 16 19 15 22 10 13 14 17 18 24
777,331,2.229865,3 7 11 4 21 23 20 12 8 6 9 5 2 1 16 19 15 22 10 13 14 17 18 24
778,331,2.219865,3 7 11 4 21 23 20 12 8 6 9 5 2 1 16 19 15 22 10 13 14 17 18 24
779,331,2.209865,3 7 11 19 21 23 20 12 8 6 9 5 2 1 16 4 15 22 10 13 14 17 18 24
780,331,2.199865,3 7 11 19 21 23 20 12 8 6 9 5 2 1 16 4 15 22 10 13 14 17 18 24
781,331,2.189865,3 7 11 19 21 23 20 12 8 6 9 5 2 1 16 4 15 22 10 13 14 17 18 24
782,331,2.179865,3 7 11 19 21 23 20 12 8 6 9 5 2 1 16 4 15 22 10 13 14 17 18 24
783,331,2.169865,3 7 11 19 21 23 20 12 8 6 9 5 2 1 16 4 15 22 10 13 14 17 18 24
784,331,2.159865,3 7 11 19 21 23 20 12 8 6 9 5 2 1 16 4 15 22 10 13 14 17 18 24
785,331,2.149865,3 7 11 19 21 23 20 12 8 6 9 5 2 1 16 4 15 22 10 13 14 17 18 24
786,331,2.139865,3 7 11 19 21 23 20 12 8 6 9 5 2 1 16 4 15 22 10 13 14 17 18 24
787,331,2.129865,3 7 11 19 21 23 20 12 8 6 9 5 2 1 16 4 15 22 10 13 14 17 18 24
788,331,2.119865,3 7 11 19 21 23 20 12 8 6 9 5 2 1 16 4 15 22 10 13 14 17 18 24
789,331,2.109865,3 7 11 19 21 23 20 12 8 6 9 5 2 1 16 4 15 22 10 13 14 17 18 24
790,331,2.099865,3 7 11 19 21 23 20 12 8 6 9 5 2 1 16 4 15 22 10 13 14 17 18 24
791,331,2.089865,3 7 11 19 21 23 20 12 8 6 9 5 2 1 16 4 15 22 10 13 14 17 18 24
792,331,2.079865,3 7 11 19 21 23 20 12 8 6 9 5 2 1 16 4 15 22 10 13 14 17 18 24
793,331,2.069865,3 7 11 19 21 23 20 12 8 6 9 5 2 1 16 4 15 22 10 13 14 17 18 24
794,327,2.059865,3 7 4 19 21 23 20 12 8 6 9 5 2 1 16 11 15 22 10 13 14 17 18 24
795,327,2.049865,3 7 4 19 21 23 20 12 8 6 9 5 2 1 16 11 15 22 10 13 14 17 18 24
796,327,2.039865,3 7 4 19 21 23 20 12 8 6 9 5 2 1 16 11 15 22 10 13 14 17 18 24
797,327,2.029865,3 7 4 19 21 23 20 12 8 6 9 5 2 1 16 11 15 22 10 13 14 17 18 24
798,327,2.019865,3 7 4 19 21 23 20 12 8 6 9 5 2 1 16 11 15 22 10 13 14 17 18 24
799,327,2.009865,3 7 4 19 21 23 20 12 8 6 9 1 2 5 16 11 15 22 10 13 14 17 18 24
800,327,1.999865,3 7 4 19 21 23 20 12 8 6 9 1 2 5 16 11 15 22 10 13 14 17 18 24
801,327,1.989865,3 7 4 19 21 23 20 12 8 6 9 1 2 5 16 11 15 22 10 13 14 17 18 24
802,327,1.979865,3 7 4 19 21 23 20 12 8 6 9 1 2 5 16 11 15 22 10 13 14 17 18 24
803,327,1.969865,3 6 4 19 21 23 20 12 8 7 9 1 2 5 16 11 15 22 10 13 14 17 18 24
804,327,1.959865,3 6 4 19 21 23 17 12 8 7 9 1 2 5 16 11 15 22 10 13 14 20 18 24
805,327,1.949865,3 6 4 19 21 23 17 12 8 7 9 1 2 5 16 11 15 22 10 13 14 20 18 24
806,327,1.939865,3 6 4 19 21 23 17 12 8 7 9 1 2 5 16 11 15 22 10 13 14 20 18 24
807,327,1.929865,3 6 4 19 21 23 17 12 8 7 9 1 2 5 16 11 15 22 10 13 14 20 18 24
808,327,1.919865,3 6 4 19 21 23 17 12 8 7 9 1 2 5 16 11 15 22 10 13 14 20 18 24
809,327,1.909865,3 6 4 19 21 23 17 12 8 7 9 1 2 5 16 11 15 22 10 13 14 20 18 24
810,327,1.899865,3 6 4 19 21 23 17 12 8 7 9 1 2 5 16 11 15 22 10 13 14 20 18 24
811,327,1.889865,3 9 4 19 21 23 17 12 8 7 6 1 2 5 16 11 15 22 10 13 14 20 18 24
812,327,1.879865,3 9 4 19 21 23 17 12 8 7 6 1 2 5 16 11 15 22 10 13 14 20 18 24
813,327,1.869865,3 9 4 19 21 23 17 12 8 7 6 1 2 5 16 11 15 22 10 13 14 20 18 24
814,327,1.859865,3 9 4 19 21 23 17 12 8 7 6 1 2 5 16 11 15 22 10 13 14 20 18 24
815,327,1.849865,3 9 4 19 21 23 17 12 8 7 6 1 2 5 16 11 15 22 10 13 14 20 18 24
816,327,1.839865,3 9 4 19 21 23 17 12 8 7 6 1 2 5 16 11 15 22 10 13 14 20 18 24
817,327,1.829865,3 9 4 19 21 23 17 12 8 7 6 1 2 5 16 11 15 22 10 13 14 20 18 24
818,327,1.819865,3 9 4 19 21 23 17 12 8 7 6 1 2 5 16 11 15 22 10 13 14 20 18 24
819,327,1.809865,3 9 4 19 21 23 17 12 8 7 6 1 2 5 16 11 15 22 10 13 14 20 18 24
820,327,1.799865,3 9 4 19 21 23 17 12 8 7 6 1 2 5 16 11 15 22 10 13 14 20 18 24
821,327,1.789865,3 9 4 19 21 23 17 12 8 7 6 1 2 5 16 11 15 22 10 13 14 20 18 24
822,327,1.779865,3 9 4 19 21 23 17 12 8 7 6 1 2 5 16 11 15 22 10 13 14 20 18 24
823,327,1.769865,3 9 4 19 21 23 17 12 8 7 6 1 2 5 16 11 15 22 10 13 14 20 18 24
824,327,1.759865,3 9 4 19 21 23 17 12 8 7 6 1 2 5 16 11 15 22 10 13 14 20 18 24
825,327,1.749865,3 9 4 19 21 23 17 12 8 7 6 1 2 5 16 11 15 22 10 13 14 20 18 24
826,327,1.739865,3 9 4 19 21 23 17 12 8 7 6 1 2 5 16 10 15 22 11 13 14 20 18 24
827,327,1.729865,3 9 4 19 21 23 17 12 8 7 6 1 2 5 16 10 15 22 11 13 14 20 18 24
828,327,1.719865,3 9 4 19 21 23 17 12 8 7 6 1 2 5 16 10 15 22 11 13 14 20 18 24
829,327,1.709865,3 9 4 19 21 23 17 12 8 7 6 1 2 5 16 10 15 22 11 13 14 20 18 24
830,327,1.699865,3 9 4 19 21 23 17 12 8 7 6 1 2 5 16 10 15 22 11 13 14 20 18 24
831,327,1.689865,3 9 4 19 21 23 17 12 8 7 6 1 2 5 16 10 15 22 11 13 14 20 18 24
832,327,1.679865,3 9 4 19 21 23 17 12 8 7 6 1 2 5 16 10 15 22 11 13 14 20 18 24
833,327,1.669865,3 9 4 19 21 23 17 12 8 7 6 1 2 5 16 10 15 22 11 13 14 20 18 24
834,327,1.659865,3 9 4 19 21 23 17 12 8 7 6 1 2 5 16 10 15 22 11 13 14 20 18 24
835,327,1.649865,3 9 4 19 21 23 17 12 8 7 6 1 2 5 16 10 15 22 11 13 14 20 18 24
836,327,1.639865,3 9 4 19 21 23 17 12 8 7 6 1 2 5 16 10 15 22 11 13 14 20 18 24
837,327,1.629865,3 9 4 19 21 23 17 12 8 7 6 1 2 5 16 10 15 22 11 13 14 20 18 24
838,327,1.619865,3 9 4 19 21 23 17 12 8 7 6 1 2 5 16 10 15 22 11 13 14 20 18 24
839,327,1.609865,3 9 4 19 21 23 17 12 8 7 6 1 2 5 16 10 15 22 11 13 14 20 18 24
840,327,1.599865,3 9 4 19 21 23 17 12 8 7 6 1 2 5 16 10 15 22 11 13 14 20 18 24
841,327,1.589865,3 9 4 19 21 23 17 12 8 7 6 1 2 5 16 10 15 22 11 13 14 20 18 24
842,327,1.579865,3 9 4 19 21 23 17 12 8 7 6 1 2 5 16 10 15 22 11 13 14 20 18 24
843,327,1.569865,3 9 4 19 21 23 17 12 8 7 6 1 2 5 16 10 15 22 11 13 14 20 18 24
844,327,1.559865,3 9 4 19 21 23 17 12 8 7 6 1 2 5 16 10 15 22 11 13 14 20 18 24
845,323,1.549865,3 9 4 19 21 23 17 12 8 7 6 1 2 5 10 16 15 22 11 13 14 20 18 24
846,323,1.539865,3 9 4 19 21 23 17 12 8 7 6 1 2 5 10 16 15 22 11 13 14 20 18 24
847,323,1.529865,3 9 4 19 21 23 17 12 8 7 6 1 2 5 10 16 15 22 11 13 14 20 18 24
848,323,1.519865,3 9 4 19 21 23 17 12 8 7 6 1 2 5 10 16 15 22 11 13 14 20 18 24
849,323,1.509865,3 9 4 19 21 23 17 12 8 7 6 1 2 5 10 16 15 22 11 13 14 20 18 24
850,323,1.499865,3 9 4 19 21 23 17 12 8 7 6 1 2 5 10 16 15 22 11 13 14 20 18 24
851,323,1.489865,3 9 4 19 21 23 17 12 8 7 6 1 2 5 10 16 15 22 11 13 14 20 18 24
852,323,1.479865,3 9 4 19 21 23 17 12 8 7 6 1 2 5 10 16 15 22 11 13 14 20 18 24
853,323,1.469865,3 9 4 19 21 23 17 12 8 7 6 1 2 5 10 16 15 22 11 13 14 20 18 24
854,323,1.459865,3 9 4 19 21 23 17 12 8 7 6 1 2 5 10 16 15 22 11 13 14 20 18 24
855,323,1.449865,3 9 4 19 21 23 17 12 8 7 6 1 2 5 10 16 15 22 11 13 14 20 18 24
856,317,1.439865,3 9 4 19 21 23 17 12 8 7 6 2 1 5 10 16 15 22 11 13 14 20 18 24
857,317,1.429865,3 9 4 19 21 23 17 12 8 7 6 2 1 5 10 16 15 22 11 13 14 20 18 24
858,309,1.419865,3 9 4 19 21 23 17 12 8 7 6 2 1 5 10 16 22 15 11 13 14 20 18 24
859,309,1.409865,3 9 4 19 21 23 17 12 8 7 6 2 1 5 10 16 22 15 11 13 14 20 18 24
860,309,1.399865,3 9 4 19 21 23 17 12 8 7 6 2 1 5 10 16 22 15 11 13 14 20 18 24
861,309,1.389865,3 9 4 19 21 23 17 12 8 7 6 2 1 5 10 16 22 15 11 13 14 20 18 24
862,309,1.379865,3 9 4 19 21 23 17 12 8 7 6 2 1 5 10 16 22 15 11 13 14 20 18 24
863,309,1.369865,3 9 4 19 21 23 17 12 8 7 6 2 1 5 10 16 22 15 11 13 14 20 18 24
864,309,1.359865,3 9 4 19 21 23 17 12 8 7 6 2 1 5 10 16 22 15 11 13 14 20 18 24
865,309,1.349865,3 9 4 19 21 23 17 12 8 7 6 2 1 5 10 16 22 15 11 13 14 20 18 24
866,309,1.339865,3 9 4 19 21 23 17 12 8 7 6 2 1 5 10 16 22 15 11 13 14 20 18 24
867,309,1.329865,3 9 4 19 21 23 17 12 8 7 6 2 1 5 10 16 22 15 11 13 14 20 18 24
868,309,1.319865,3 9 4 19 21 23 17 12 8 7 6 2 1 5 10 16 22 15 11 13 14 20 18 24
869,309,1.309865,3 9 4 19 21 23 17 12 8 7 6 2 1 5 10 16 22 15 11 13 14 20 18 24
870,309,1.299865,3 9 4 19 21 23 17 12 8 7 6 2 1 5 10 16 22 15 11 13 14 20 18 24
871,307,1.289865,3 9 4 19 21 23 17 12 8 7 6 2 1 5 10 15 22 16 11 13 14 20 18 24
872,307,1.279866,3 9 4 19 21 23 17 12 8 7 6 2 1 5 10 15 22 16 11 13 14 20 18 24
873,307,1.269866,3 9 4 19 21 23 17 12 8 7 6 2 1 5 10 15 22 16 11 13 14 20 18 24
874,307,1.259866,3 9 4 19 21 23 17 12 8 7 6 2 1 5 10 15 22 16 11 13 14 20 18 24
875,307,1.249866,3 9 4 19 21 23 17 12 8 7 6 2 1 5 10 15 22 16 11 13 14 20 18 24
876,307,1.239866,3 9 4 19 21 23 17 12 8 7 6 2 1 5 10 15 22 16 11 13 14 20 18 24
877,307,1.229866,3 9 4 19 21 23 17 12 8 7 6 2 1 5 10 15 22 16 11 13 14 20 18 24
878,307,1.219866,3 9 4 19 21 23 17 12 8 7 6 2 1 5 10 15 22 16 11 13 14 20 18 24
879,307,1.209866,3 9 4 19 21 23 17 12 8 7 6 2 1 5 10 15 22 16 11 13 14 20 18 24
880,307,1.199866,3 9 4 19 21 23 17 12 8 7 6 2 1 5 10 15 22 16 11 13 14 20 18 24
881,307,1.189866,3 9 4 19 21 23 17 12 8 7 6 2 1 5 10 15 22 16 11 13 14 20 18 24
882,307,1.179866,3 9 4 19 21 23 17 12 8 7 6 2 1 5 10 15 22 16 11 13 14 20 18 24
883,307,1.169866,3 9 4 19 21 23 17 12 8 7 6 2 1 5 10 15 22 16 11 13 14 20 18 24
884,307,1.159866,3 9 4 19 21 23 17 12 8 7 6 2 1 5 10 15 22 16 11 13 14 20 18 24
885,307,1.149866,3 9 4 19 21 23 17 12 8 7 6 2 1 5 10 15 22 16 11 13 14 20 18 24
886,307,1.139866,3 9 4 19 21 23 17 12 8 7 6 2 1 5 10 15 22 16 11 13 14 20 18 24
887,307,1.129866,3 9 4 19 21 23 17 12 8 7 6 2 1 5 10 15 22 16 11 13 14 20 18 24
888,307,1.119866,3 9 4 19 21 23 17 12 8 7 6 2 1 5 10 15 22 16 11 13 14 20 18 24
889,307,1.109866,3 9 4 19 21 23 17 12 8 7 6 2 1 5 10 15 22 16 11 13 14 20 18 24
890,307,1.099866,3 9 4 19 21 23 17 12 8 7 6 2 1 5 10 15 22 16 11 13 14 20 18 24
891,307,1.089866,3 9 4 19 21 23 17 12 8 7 6 2 1 5 10 15 22 16 11 13 14 20 18 24
892,307,1.079866,3 9 4 19 21 23 17 12 8 7 6 2 1 5 10 15 22 16 11 13 14 20 18 24
893,307,1.069866,3 9 4 19 21 23 17 12 8 7 6 2 1 5 10 15 22 16 11 13 14 20 18 24
894,307,1.059866,3 9 4 19 21 23 17 12 8 7 6 2 1 5 10 15 22 16 11 13 14 20 18 24
895,307,1.049866,3 9 4 19 21 23 17 12 8 7 6 2 1 5 10 15 22 16 11 13 14 20 18 24
896,307,1.039866,3 9 4 19 21 23 17 12 8 7 6 2 1 5 10 15 22 16 11 13 14 20 18 24
897,307,1.029866,3 9 4 19 21 23 17 12 8 7 6 2 1 5 10 15 22 16 11 13 14 20 18 24
898,307,1.019866,3 9 4 19 21 23 17 12 8 7 6 2 1 5 10 15 22 16 11 13 14 20 18 24
899,307,1.009866,3 9 4 19 21 23 17 12 8 7 6 2 1 5 10 15 22 16 11 13 14 20 18 24
900,307,0.9998658,3 9 4 19 21 23 17 12 8 7 6 2 1 5 10 15 22 16 11 13 14 20 18 24
901,307,0.9898658,3 9 4 19 21 23 17 12 8 7 6 2 1 5 10 15 22 16 11 13 14 20 18 24
902,307,0.9798658,3 9 4 19 21 23 17 12 8 7 6 2 1 5 10 15 22 16 11 13 14 20 18 24
903,307,0.9698658,3 9 4 19 21 23 17 12 8 7 6 2 1 5 10 15 22 16 11 13 14 20 18 24
904,307,0.9598658,3 9 4 19 21 23 17 12 8 7 6 2 1 5 10 15 22 16 11 13 14 20 18 24
905,307,0.9498658,3 9 4 19 21 23 17 12 8 7 6 2 1 5 10 15 22 16 11 13 14 20 18 24
906,307,0.9398658,3 9 4 19 21 23 17 12 8 7 6 2 1 5 10 15 22 16 11 13 14 20 18 24
907,307,0.9298658,3 9 4 19 21 23 17 12 8 7 6 2 1 5 10 15 22 16 11 13 14 20 18 24
908,307,0.9198658,3 9 4 19 21 23 17 12 8 7 6 2 1 5 10 15 22 16 11 13 14 20 18 24
909,307,0.9098659,3 9 4 19 21 23 17 12 8 7 6 2 1 5 10 15 22 16 11 13 14 20 18 24
910,307,0.8998659,3 9 4 19 21 23 17 12 8 7 6 2 1 5 10 15 22 16 11 13 14 20 18 24
911,307,0.8898659,3 9 4 19 21 23 17 12 8 7 6 2 1 5 10 15 22 16 11 13 14 20 18 24
912,307,0.8798659,3 9 4 19 21 23 17 12 8 7 6 2 1 5 10 15 22 16 11 13 14 20 18 24
913,307,0.8698659,3 9 4 19 21 23 17 12 8 7 6 2 1 5 10 15 22 16 11 13 14 20 18 24
914,307,0.8598659,3 9 4 19 21 23 17 12 8 7 6 2 1 5 10 15 22 16 11 13 14 20 18 24
915,307,0.8498659,3 9 4 19 21 23 17 12 8 7 6 2 1 5 10 15 22 16 11 13 14 20 18 24
916,307,0.8398659,3 9 4 19 21 23 17 12 8 7 6 2 1 5 10 15 22 16 11 13 14 20 18 24
917,307,0.8298659,3 9 4 19 21 23 17 12 8 7 6 2 1 5 10 15 22 16 11 13 14 20 18 24
918,295,0.8198659,6 9 4 19 21 23 17 12 8 7 3 2 1 5 10 15 22 16 11 13 14 20 18 24
919,295,0.809866,6 9 4 19 21 23 17 12 8 7 3 2 1 5 10 15 22 16 11 13 14 20 18 24
920,295,0.799866,6 9 4 19 21 23 17 12 8 7 3 2 1 5 10 15 22 16 11 13 14 20 18 24
921,295,0.789866,6 9 4 19 21 23 17 12 8 7 3 2 1 5 10 15 22 16 11 13 14 20 18 24
922,295,0.779866,6 9 4 19 21 23 17 12 8 7 3 2 1 5 10 15 22 16 11 13 14 20 18 24
923,295,0.769866,6 9 4 19 21 23 17 12 8 7 3 2 1 5 10 15 22 16 11 13 14 20 18 24
924,295,0.759866,6 9 4 19 21 23 17 12 8 7 3 2 1 5 10 15 22 16 11 13 14 20 18 24
925,295,0.749866,6 9 4 19 21 23 17 12 8 7 3 2 1 5 10 15 22 16 11 13 14 20 18 24
926,295,0.739866,6 9 4 19 21 23 17 12 8 7 3 2 1 5 10 15 22 16 11 13 14 20 18 24
927,295,0.729866,6 9 4 19 21 23 17 12 8 7 3 2 1 5 10 15 22 16 11 13 14 20 18 24
928,295,0.719866,6 9 4 19 21 23 17 12 8 7 3 2 1 5 10 15 22 16 11 13 14 20 18 24
929,295,0.709866,6 9 4 19 21 23 17 12 8 7 3 2 1 5 10 15 22 16 11 13 14 20 18 24
930,295,0.6998661,6 9 4 19 21 23 17 12 8 7 3 2 1 5 10 15 22 16 11 13 14 20 18 24
931,295,0.6898661,6 9 4 19 21 23 17 12 8 7 3 2 1 5 10 15 22 16 11 13 14 20 18 24
932,295,0.6798661,6 9 4 19 21 23 17 12 8 7 3 2 1 5 10 15 22 16 11 13 14 20 18 24
933,295,0.6698661,6 9 4 19 21 23 17 12 8 7 3 2 1 5 10 15 22 16 11 13 14 20 18 24
934,295,0.6598661,6 9 4 19 21 23 17 12 8 7 3 2 1 5 10 15 22 16 11 13 14 20 18 24
935,295,0.6498661,6 9 4 19 21 23 17 12 8 7 3 2 1 5 10 15 22 16 11 13 14 20 18 24
936,295,0.6398661,6 9 4 19 21 23 17 12 8 7 3 2 1 5 10 15 22 16 11 13 14 20 18 24
937,295,0.6298661,6 9 4 19 21 23 17 12 8 7 3 2 1 5 10 15 22 16 11 13 14 20 18 24
938,295,0.6198661,6 9 4 19 21 23 17 12 8 7 3 2 1 5 10 15 22 16 11 13 14 20 18 24
939,295,0.6098661,6 9 4 19 21 23 17 12 8 7 3 2 1 5 10 15 22 16 11 13 14 20 18 24
940,295,0.5998662,6 9 4 19 21 23 17 12 8 7 3 2 1 5 10 15 22 16 11 13 14 20 18 24
941,294,0.5898662,6 9 4 19 21 23 17 12 8 7 3 2 1 5 10 15 22 16 11 13 14 24 18 20
942,294,0.5798662,6 9 4 19 21 23 17 12 8 7 3 2 1 5 10 15 22 16 11 13 14 24 18 20
943,294,0.5698662,6 9 4 19 21 23 17 12 8 7 3 2 1 5 10 15 22 16 11 13 14 24 18 20
944,294,0.5598662,6 9 4 19 21 23 17 12 8 7 3 2 1 5 10 15 22 16 11 13 14 24 18 20
945,294,0.5498662,6 9 4 19 21 23 17 12 8 7 3 2 1 5 10 15 22 16 11 13 14 24 18 20
946,294,0.5398662,6 9 4 19 21 23 17 12 8 7 3 2 1 5 10 15 22 16 11 13 14 24 18 20
947,294,0.5298662,6 9 4 19 21 23 17 12 8 7 3 2 1 5 10 15 22 16 11 13 14 24 18 20
948,294,0.5198662,6 9 4 19 21 23 17 12 8 7 3 2 1 5 10 15 22 16 11 13 14 24 18 20
949,294,0.5098662,6 9 4 19 21 23 17 12 8 7 3 2 1 5 10 15 22 16 11 13 14 24 18 20
950,294,0.4998662,6 9 4 19 21 23 17 12 8 7 3 2 1 5 10 15 22 16 11 13 14 24 18 20
951,294,0.4898663,6 9 4 19 21 23 17 12 8 7 3 2 1 5 10 15 22 16 11 13 14 24 18 20
952,294,0.4798663,6 9 4 19 21 23 17 12 8 7 3 2 1 5 10 15 22 16 11 13 14 24 18 20
953,294,0.4698663,6 9 4 19 21 23 17 12 8 7 3 2 1 5 10 15 22 16 11 13 14 24 18 20
954,294,0.4598663,6 9 4 19 21 23 17 12 8 7 3 2 1 5 10 15 22 16 11 13 14 24 18 20
955,294,0.4498663,6 9 4 19 21 23 17 12 8 7 3 2 1 5 10 15 22 16 11 13 14 24 18 20
956,294,0.4398663,6 9 4 19 21 23 17 12 8 7 3 2 1 5 10 15 22 16 11 13 14 24 18 20
957,294,0.4298663,6 9 4 19 21 23 17 12 8 7 3 2 1 5 10 15 22 16 11 13 14 24 18 20
958,294,0.4198663,6 9 4 19 21 23 17 12 8 7 3 2 1 5 10 15 22 16 11 13 14 24 18 20
959,294,0.4098663,6 9 4 19 21 23 17 12 8 7 3 2 1 5 10 15 22 16 11 13 14 24 18 20
960,294,0.3998663,6 9 4 19 21 23 17 12 8 7 3 2 1 5 10 15 22 16 11 13 14 24 18 20
961,294,0.3898664,6 9 4 19 21 23 17 12 8 7 3 2 1 5 10 15 22 16 11 13 14 24 18 20
962,294,0.3798664,6 9 4 19 21 23 17 12 8 7 3 2 1 5 10 15 22 16 11 13 14 24 18 20
963,294,0.3698664,6 9 4 19 21 23 17 12 8 7 3 2 1 5 10 15 22 16 11 13 14 24 18 20
964,294,0.3598664,6 9 4 19 21 23 17 12 8 7 3 2 1 5 10 15 22 16 11 13 14 24 18 20
965,294,0.3498664,6 9 4 19 21 23 17 12 8 7 3 2 1 5 10 15 22 16 11 13 14 24 18 20
966,294,0.3398664,6 9 4 19 21 23 17 12 8 7 3 2 1 5 10 15 22 16 11 13 14 24 18 20
967,294,0.3298664,6 9 4 19 21 23 17 12 8 7 3 2 1 5 10 15 22 16 11 13 14 24 18 20
968,294,0.3198664,6 9 4 19 21 23 17 12 8 7 3 2 1 5 10 15 22 16 11 13 14 24 18 20
969,294,0.3098664,6 9 4 19 21 23 17 12 8 7 3 2 1 5 10 15 22 16 11 13 14 24 18 20
970,294,0.2998664,6 9 4 19 21 23 17 12 8 7 3 2 1 5 10 15 22 16 11 13 14 24 18 20
971,294,0.2898664,6 9 4 19 21 23 17 12 8 7 3 2 1 5 10 15 22 16 11 13 14 24 18 20
972,294,0.2798665,6 9 4 19 21 23 17 12 8 7 3 2 1 5 10 15 22 16 11 13 14 24 18 20
973,294,0.2698665,6 9 4 19 21 23 17 12 8 7 3 2 1 5 10 15 22 16 11 13 14 24 18 20
974,294,0.2598665,6 9 4 19 21 23 17 12 8 7 3 2 1 5 10 15 22 16 11 13 14 24 18 20
975,294,0.2498665,6 9 4 19 21 23 17 12 8 7 3 2 1 5 10 15 22 16 11 13 14 24 18 20
976,294,0.2398665,6 9 4 19 21 23 17 12 8 7 3 2 1 5 10 15 22 16 11 13 14 24 18 20
977,294,0.2298665,6 9 4 19 21 23 17 12 8 7 3 2 1 5 10 15 22 16 11 13 14 24 18 20
978,294,0.2198665,6 9 4 19 21 23 17 12 8 7 3 2 1 5 10 15 22 16 11 13 14 24 18 20
979,294,0.2098664,6 9 4 19 21 23 17 12 8 7 3 2 1 5 10 15 22 16 11 13 14 24 18 20
980,294,0.1998664,6 9 4 19 21 23 17 12 8 7 3 2 1 5 10 15 22 16 11 13 14 24 18 20
981,294,0.1898664,6 9 4 19 21 23 17 12 8 7 3 2 1 5 10 15 22 16 11 13 14 24 18 20
982,294,0.1798664,6 9 4 19 21 23 17 12 8 7 3 2 1 5 10 15 22 16 11 13 14 24 18 20
983,294,0.1698664,6 9 4 19 21 23 17 12 8 7 3 2 1 5 10 15 22 16 11 13 14 24 18 20
984,294,0.1598664,6 9 4 19 21 23 17 12 8 7 3 2 1 5 10 15 22 16 11 13 14 24 18 20
985,294,0.1498664,6 9 4 19 21 23 17 12 8 7 3 2 1 5 10 15 22 16 11 13 14 24 18 20
986,294,0.1398664,6 9 4 19 21 23 17 12 8 7 3 2 1 5 10 15 22 16 11 13 14 24 18 20
987,294,0.1298664,6 9 4 19 21 23 17 12 8 7 3 2 1 5 10 15 22 16 11 13 14 24 18 20
988,294,0.1198664,6 9 4 19 21 23 17 12 8 7 3 2 1 5 10 15 22 16 11 13 14 24 18 20
989,294,0.1098664,6 9 4 19 21 23 17 12 8 7 3 2 1 5 10 15 22 16 11 13 14 24 18 20
990,294,0.09986641,6 9 4 19 21 23 17 12 8 7 3 2 1 5 10 15 22 16 11 13 14 24 18 20
991,294,0.08986641,6 9 4 19 21 23 17 12 8 7 3 2 1 5 10 15 22 16 11 13 14 24 18 20
992,294,0.07986642,6 9 4 19 21 23 17 12 8 7 3 2 1 5 10 15 22 16 11 13 14 24 18 20
993,294,0.06986642,6 9 4 19 21 23 17 12 8 7 3 2 1 5 10 15 22 16 11 13 14 24 18 20
994,294,0.05986642,6 9 4 19 21 23 17 12 8 7 3 2 1 5 10 15 22 16 11 13 14 24 18 20
995,294,0.04986642,6 9 4 19 21 23 17 12 8 7 3 2 1 5 10 15 22 16 11 13 14 24 18 20
996,294,0.03986643,6 9 4 19 21 23 17 12 8 7 3 2 1 5 10 15 22 16 11 13 14 24 18 20
997,294,0.02986643,6 9 4 19 21 23 17 12 8 7 3 2 1 5 10 15 22 16 11 13 14 24 18 20
998,294,0.01986643,6 9 4 19 21 23 17 12 8 7 3 2 1 5 10 15 22 16 11 13 14 24 18 20
999,294,0.009866426,6 9 4 19 21 23 17 12 8 7 3 2 1 5 10 15 22 16 11 13 14 24 18 20
